PartyId,total_cytd_outflow,total_cytd_inflow,has_large_withdrawal,prob_outflow_risk,direction_flag,action_priority_score
1401425,38982004.96,0.0,1,0.9983,Outflow Risk,0.9983
1200875,11043597.48,0.0,1,0.9966,Outflow Risk,0.9966
3177435,10202000.1,0.0,1,0.9914,Outflow Risk,0.9914
1605328,9938000.0,0.0,1,0.9969,Outflow Risk,0.9969
11453540,9921000.87,0.0,1,0.9953,Outflow Risk,0.9953
606918,8559383.96,0.0,1,0.9979,Outflow Risk,0.9979
2023261,7648373.8,0.0,1,0.9986,Outflow Risk,0.9986
3480913,7595500.0,0.0,1,0.9764,Outflow Risk,0.9786
281520,6758023.06,0.0,1,0.9978,Outflow Risk,0.9978
1001381,6546548.83,0.0,1,0.9988,Outflow Risk,0.9988
1295476,6475588.84,0.0,1,0.9976,Outflow Risk,0.9976
1617254,6456830.73,0.0,1,0.9979,Outflow Risk,0.9979
1853078,6174324.83,0.0,1,0.9983,Outflow Risk,0.9983
23119051,6047332.7,0.0,1,0.9871,Outflow Risk,0.9871
340455,5812739.37,0.0,1,0.9955,Outflow Risk,0.9955
184478,5810376.08,0.0,1,0.9186,Outflow Risk,0.9226
1170997,5797875.19,0.0,1,0.9976,Outflow Risk,0.9976
14206625,5679268.0,0.0,1,0.9963,Outflow Risk,0.9963
17803448,5281516.92,0.0,1,0.9941,Outflow Risk,0.9941
1390815,5045002.56,0.0,1,0.9977,Outflow Risk,0.9977
1609711,4987917.51,0.0,1,0.9941,Outflow Risk,0.9941
3503438,4896000.0,0.0,1,0.9989,Outflow Risk,0.9989
6135520,4778203.13,0.0,1,0.9965,Outflow Risk,0.9965
5006042,4722689.51,0.0,1,0.9757,Outflow Risk,0.9757
1565392,4682882.5,0.0,1,0.9943,Outflow Risk,0.9943
4151365,4568906.32,0.0,1,0.9975,Outflow Risk,0.9975
22933014,4472057.93,0.0,1,0.9742,Outflow Risk,0.9742
5811861,4388387.21,0.0,1,0.9967,Outflow Risk,0.9967
4019459,4208031.7,0.0,1,0.9981,Outflow Risk,0.9981
1396010,4184819.39,0.0,1,0.9984,Outflow Risk,0.9984
2408197,4160200.0,0.0,1,0.9986,Outflow Risk,0.9986
3662340,4042535.21,0.0,1,0.9908,Outflow Risk,0.9908
4345964,4032040.0,0.0,1,0.8663,Outflow Risk,0.9113
4201301,4030280.0,0.0,1,0.9971,Outflow Risk,0.9971
2578025,3958912.95,0.0,1,0.988,Outflow Risk,0.988
3599882,3952138.57,0.0,1,0.9987,Outflow Risk,0.9987
5841624,3937914.38,0.0,1,0.9987,Outflow Risk,0.9987
3543387,3906411.83,0.0,1,0.9977,Outflow Risk,0.9977
268475,3899792.42,0.0,1,0.9979,Outflow Risk,0.9979
5918854,3872082.4,0.0,1,0.9983,Outflow Risk,0.9983
6065255,3742553.3,0.0,1,0.9925,Outflow Risk,0.9925
1755150,3704000.0,0.0,1,0.999,Outflow Risk,0.999
1886542,3684225.16,0.0,1,0.9904,Outflow Risk,0.9904
2406055,3628580.42,0.0,1,0.9827,Outflow Risk,0.9827
375262,3614285.62,0.0,1,0.9107,Outflow Risk,0.9107
899561,3605105.04,0.0,1,0.9983,Outflow Risk,0.9983
1767572,3598163.7,0.0,1,0.992,Outflow Risk,0.992
4569269,3593928.6,0.0,1,0.998,Outflow Risk,0.998
3651637,3562322.55,0.0,1,0.9989,Outflow Risk,0.9989
6000147,3390463.18,0.0,1,0.9696,Outflow Risk,0.9696
5753891,3277740.0,0.0,1,0.9984,Outflow Risk,0.9984
6035669,3273668.55,0.0,1,0.9948,Outflow Risk,0.9948
1653278,3262076.15,0.0,1,0.9987,Outflow Risk,0.9987
1849339,3240432.0,0.0,1,0.9986,Outflow Risk,0.9986
3727371,3233800.0,0.0,1,0.9981,Outflow Risk,0.9981
4718580,3219377.92999999,0.0,1,0.9987,Outflow Risk,0.9987
5586379,3215720.17,0.0,1,0.9983,Outflow Risk,0.9983
1045873,3185313.68,0.0,1,0.9972,Outflow Risk,0.9972
18156621,3180795.0,0.0,1,0.9709,Outflow Risk,0.9709
2245499,3126860.07,0.0,1,0.9978,Outflow Risk,0.9978
1736352,3105280.94,0.0,1,0.9956,Outflow Risk,0.9956
1861367,3062386.47,0.0,1,0.9987,Outflow Risk,0.9987
6075931,3060000.0,0.0,1,0.9982,Outflow Risk,0.9982
4313894,3057000.0,0.0,1,0.9993,Outflow Risk,0.9993
2348354,3052600.0,0.0,1,0.9965,Outflow Risk,0.9965
325766,3028067.5,0.0,1,0.9729,Outflow Risk,0.9729
242432,2987564.27,0.0,1,0.9823,Outflow Risk,0.9823
89575,2985673.48,0.0,1,0.9349,Outflow Risk,0.943
3159263,2984797.94,0.0,1,0.9894,Outflow Risk,0.9894
15893946,2970258.03,0.0,1,0.985,Outflow Risk,0.985
6249821,2950847.25,0.0,1,0.9984,Outflow Risk,0.9984
3530284,2907836.0,0.0,1,0.9931,Outflow Risk,0.9931
4073812,2894793.7,0.0,1,0.9944,Outflow Risk,0.9944
1765889,2883781.38,0.0,1,0.9588,Outflow Risk,0.9678
5300602,2862870.29,0.0,1,0.9947,Outflow Risk,0.9947
21996783,2805333.36,0.0,1,0.9953,Outflow Risk,0.9953
350731,2776990.67,0.0,1,0.9988,Outflow Risk,0.9988
353867,2772750.42,0.0,1,0.8975,Outflow Risk,0.8975
27861690,2746625.86,0.0,1,0.9884,Outflow Risk,0.9884
6233201,2734673.55,0.0,1,0.9988,Outflow Risk,0.9988
1447727,2723400.0,0.0,1,0.9941,Outflow Risk,0.9941
722023,2722260.0,0.0,1,0.9823,Outflow Risk,0.9823
862119,2719066.94,0.0,1,0.9898,Outflow Risk,0.9898
20146999,2698764.0,0.0,1,0.9959,Outflow Risk,0.9959
3526539,2659392.2,0.0,1,0.9954,Outflow Risk,0.9954
18517369,2592238.59,0.0,1,0.9907,Outflow Risk,0.9907
17803020,2552345.42,0.0,1,0.9955,Outflow Risk,0.9955
1699079,2527718.09,0.0,1,0.9976,Outflow Risk,0.9976
3282557,2508750.0,0.0,1,0.9968,Outflow Risk,0.9968
5869085,2463829.91,0.0,1,0.9955,Outflow Risk,0.9955
25437107,2440595.04,0.0,1,0.9845,Outflow Risk,0.9845
2225935,2435390.69,0.0,1,0.9606,Outflow Risk,0.9678
1116323,2434833.07,0.0,1,0.9982,Outflow Risk,0.9982
1193036,2414000.91,0.0,1,0.9984,Outflow Risk,0.9984
4095880,2410625.0,0.0,1,0.9987,Outflow Risk,0.9987
27861677,2405558.79,0.0,1,0.9823,Outflow Risk,0.9823
21969491,2396155.42999999,0.0,1,0.9921,Outflow Risk,0.9921
5841480,2396055.05,0.0,1,0.9525,Outflow Risk,0.9525
4095922,2385625.0,0.0,1,0.9963,Outflow Risk,0.9963
21922686,2368034.67,0.0,1,0.9262,Outflow Risk,0.9325
1006221,2365108.64,0.0,1,0.9988,Outflow Risk,0.9988
16973992,2346000.0,0.0,1,0.993,Outflow Risk,0.993
5933635,2338000.0,0.0,0,0.0892,Neutral,0.0892
1109683,2329846.57,0.0,1,0.9992,Outflow Risk,0.9992
1615483,2317334.41,0.0,1,0.999,Outflow Risk,0.999
5964813,2314000.0,0.0,1,0.9542,Outflow Risk,0.9542
110449,2302192.0,0.0,1,0.8981,Outflow Risk,0.9172
654818,2301262.79,0.0,1,0.9982,Outflow Risk,0.9982
1282263,2276117.95,0.0,1,0.9976,Outflow Risk,0.9976
5738532,2271709.9,0.0,1,0.9962,Outflow Risk,0.9962
3681138,2259460.53,0.0,1,0.9974,Outflow Risk,0.9974
6120069,2253890.31,0.0,1,0.9543,Outflow Risk,0.9543
330902,2222692.08,0.0,1,0.9903,Outflow Risk,0.9903
6066561,2221015.6,0.0,1,0.9964,Outflow Risk,0.9964
5613769,2217998.45,0.0,1,0.9987,Outflow Risk,0.9987
5695409,2217000.5,0.0,1,0.9956,Outflow Risk,0.9956
576071,2212427.92,0.0,1,0.9181,Outflow Risk,0.9181
23277425,2210914.0,0.0,1,0.9846,Outflow Risk,0.9846
22765227,2202288.8,0.0,1,0.9973,Outflow Risk,0.9973
3331267,2180431.2,0.0,0,0.1513,Neutral,0.1521
22122603,2164076.38,0.0,1,0.8603,Outflow Risk,0.8919
21990616,2161227.96,0.0,1,0.9961,Outflow Risk,0.9961
22451560,2142000.0,0.0,1,0.9375,Outflow Risk,0.9453
5990682,2097817.66,0.0,1,0.999,Outflow Risk,0.999
217863,2068657.36,0.0,1,0.9963,Outflow Risk,0.9963
1146064,2055000.0,0.0,1,0.9863,Outflow Risk,0.9863
350108,2050000.0,0.0,1,0.9977,Outflow Risk,0.9977
3144638,2017509.94,0.0,1,0.9931,Outflow Risk,0.9931
12296397,2013000.0,0.0,1,0.9882,Outflow Risk,0.9882
1117784,1995017.28,0.0,1,0.9959,Outflow Risk,0.9959
32214562,1991642.83,0.0,1,0.999,Outflow Risk,0.999
25349922,1980766.7,0.0,1,0.9825,Outflow Risk,0.9825
204265,1972857.2,0.0,1,0.9854,Outflow Risk,0.9854
1860181,1964857.72,0.0,0,0.1103,Neutral,0.1103
465219,1964500.0,0.0,1,0.9987,Outflow Risk,0.9987
5928257,1962000.0,0.0,1,0.9978,Outflow Risk,0.9978
4112904,1955205.34,0.0,1,0.9987,Outflow Risk,0.9987
4068349,1941992.38,0.0,1,0.9989,Outflow Risk,0.9989
6225713,1939900.0,0.0,1,0.9979,Outflow Risk,0.9979
1860672,1930655.16,0.0,1,0.9987,Outflow Risk,0.9987
3478988,1927768.60999999,0.0,0,0.1737,Neutral,0.1737
1714305,1917158.91,0.0,1,0.9946,Outflow Risk,0.9946
25283254,1914666.0,0.0,1,0.9837,Outflow Risk,0.9837
1967512,1910000.0,0.0,1,0.9976,Outflow Risk,0.9976
4656080,1908178.85,0.0,1,0.9906,Outflow Risk,0.9906
871904,1902097.48,0.0,1,0.9891,Outflow Risk,0.9891
5665477,1901515.17,0.0,1,0.9964,Outflow Risk,0.9964
2597272,1897796.93,0.0,1,0.9839,Outflow Risk,0.9839
3805210,1889485.62,0.0,1,0.9991,Outflow Risk,0.9991
6238935,1869842.76,0.0,1,0.9971,Outflow Risk,0.9971
250585,1856319.75,0.0,0,0.1462,Neutral,0.1479
21871721,1847575.06,0.0,1,0.9905,Outflow Risk,0.9905
6190039,1843267.57,0.0,1,0.9569,Outflow Risk,0.9569
12250825,1807926.8,0.0,1,0.9974,Outflow Risk,0.9974
149774,1772541.93,0.0,1,0.9967,Outflow Risk,0.9967
1960115,1767385.94,0.0,1,0.9886,Outflow Risk,0.9886
1186211,1756540.54,0.0,1,0.9966,Outflow Risk,0.9966
1952481,1747197.08,0.0,1,0.9978,Outflow Risk,0.9978
346293,1745658.39,0.0,1,0.9988,Outflow Risk,0.9988
1861318,1731013.21,0.0,1,0.9946,Outflow Risk,0.9946
2656343,1710097.55,0.0,1,0.9872,Outflow Risk,0.9872
11429126,1703500.0,0.0,1,0.9976,Outflow Risk,0.9976
1240817,1700783.14,0.0,1,0.9973,Outflow Risk,0.9973
3737914,1698572.13,0.0,1,0.9976,Outflow Risk,0.9976
264251,1690345.02,0.0,1,0.9983,Outflow Risk,0.9983
14095880,1688750.65,0.0,1,0.9893,Outflow Risk,0.9893
24619034,1678691.73,0.0,1,0.8514,Outflow Risk,0.8514
314545,1672621.69,0.0,1,0.9923,Outflow Risk,0.9923
1437534,1670700.0,0.0,1,0.999,Outflow Risk,0.999
184484,1665917.24,0.0,0,0.1226,Neutral,0.1226
3274487,1659168.04,0.0,1,0.9968,Outflow Risk,0.9968
34760,1658303.3,0.0,1,0.999,Outflow Risk,0.999
6174604,1654930.47,0.0,1,0.9266,Outflow Risk,0.9266
22105671,1651065.0,0.0,0,0.1431,Neutral,0.223
891359,1645749.94,0.0,1,0.9979,Outflow Risk,0.9979
2636390,1626029.33,0.0,1,0.9985,Outflow Risk,0.9985
1200082,1624000.0,0.0,1,0.9892,Outflow Risk,0.9892
3513446,1608979.08,0.0,1,0.9897,Outflow Risk,0.9897
12240443,1594241.8,0.0,1,0.9297,Outflow Risk,0.9297
2237,1593500.14,0.0,1,0.9964,Outflow Risk,0.9964
323154,1592500.0,0.0,0,0.1126,Neutral,0.1127
3364707,1592058.91,0.0,1,0.9958,Outflow Risk,0.9958
5860732,1590666.60999999,0.0,1,0.9965,Outflow Risk,0.9965
2999814,1588273.0,0.0,1,0.9972,Outflow Risk,0.9972
179477,1577859.4,0.0,1,0.9933,Outflow Risk,0.9933
14736115,1565000.0,0.0,1,0.9963,Outflow Risk,0.9963
1887835,1560500.0,0.0,1,0.9985,Outflow Risk,0.9985
3114489,1558000.0,0.0,1,0.9945,Outflow Risk,0.9945
1148021,1555081.99,0.0,1,0.9983,Outflow Risk,0.9983
1849292,1554402.36,0.0,1,0.9959,Outflow Risk,0.9959
23277736,1551716.01,0.0,0,0.1061,Neutral,0.1073
32214543,1550482.10999999,0.0,1,0.9991,Outflow Risk,0.9991
1513823,1538636.62,0.0,1,0.9682,Outflow Risk,0.9682
350717,1538065.09,0.0,1,0.9391,Outflow Risk,0.9391
22308313,1530000.0,0.0,1,0.985,Outflow Risk,0.985
5574366,1530000.0,0.0,0,0.0906,Neutral,0.0906
23631770,1512500.0,0.0,1,0.984,Outflow Risk,0.984
3004226,1510295.25,0.0,1,0.9936,Outflow Risk,0.9936
1897530,1503765.42,0.0,1,0.9978,Outflow Risk,0.9978
1766040,1495416.5,0.0,1,0.9972,Outflow Risk,0.9972
1634476,1488714.84,0.0,1,0.9974,Outflow Risk,0.9974
6358313,1487307.9,0.0,1,0.9758,Outflow Risk,0.9758
3845444,1474096.73,0.0,0,0.1476,Neutral,0.1477
6052902,1472450.32999999,0.0,1,0.9977,Outflow Risk,0.9977
766642,1471772.01,0.0,0,0.1209,Neutral,0.121
22768769,1467313.92,0.0,1,0.9931,Outflow Risk,0.9931
5953908,1466705.17,0.0,1,0.9544,Outflow Risk,0.9544
6022962,1466693.9,0.0,1,0.9984,Outflow Risk,0.9984
149746,1465058.58,0.0,1,0.9977,Outflow Risk,0.9977
1291577,1464375.0,0.0,0,0.0132,Consolidation Opportunity,0.778
19014014,1463973.8,0.0,1,0.9934,Outflow Risk,0.9934
5966182,1462678.52,0.0,1,0.9977,Outflow Risk,0.9977
5981388,1457386.95,0.0,0,0.1,Neutral,0.1008
66810,1454943.23,0.0,1,0.9961,Outflow Risk,0.9961
3236451,1450665.06,0.0,1,0.9952,Outflow Risk,0.9952
1195958,1449999.81,0.0,0,0.1087,Neutral,0.1091
780683,1448093.74,0.0,0,0.2294,Neutral,0.231
16420211,1439581.0,0.0,0,0.1208,Neutral,0.1213
329690,1436458.75,0.0,0,0.0849,Neutral,0.085
44179,1430873.33,0.0,1,0.9975,Outflow Risk,0.9975
4670602,1428200.0,0.0,1,0.9979,Outflow Risk,0.9979
25023,1427000.0,0.0,0,0.0945,Neutral,0.0949
12303908,1416283.56,0.0,0,0.0653,Neutral,0.0653
5987476,1415595.27,0.0,1,0.9983,Outflow Risk,0.9983
3791038,1402700.0,0.0,1,0.9859,Outflow Risk,0.9859
4472394,1392450.0,0.0,1,0.9958,Outflow Risk,0.9958
1347357,1388433.63,0.0,1,0.9977,Outflow Risk,0.9977
202850,1386902.08,0.0,1,0.9986,Outflow Risk,0.9986
1252163,1380959.19,0.0,1,0.9976,Outflow Risk,0.9976
5656238,1371271.91,0.0,0,0.1051,Neutral,0.1052
23119040,1367210.44,0.0,0,0.0828,Neutral,0.084
6018252,1366250.0,0.0,1,0.9965,Outflow Risk,0.9965
6050046,1364500.0,0.0,0,0.1238,Neutral,0.1254
25642,1355009.47,0.0,1,0.9851,Outflow Risk,0.9851
3856047,1352927.9,0.0,1,0.999,Outflow Risk,0.999
25286955,1350411.65,0.0,1,0.9647,Outflow Risk,0.9647
1159969,1348606.03,0.0,1,0.9926,Outflow Risk,0.9926
3245842,1342963.16,0.0,1,0.9916,Outflow Risk,0.9916
6082756,1340958.14,0.0,1,0.9963,Outflow Risk,0.9963
353432,1339229.58,0.0,0,0.1195,Neutral,0.12
4701431,1334000.02,0.0,1,0.9978,Outflow Risk,0.9978
5662178,1328400.0,0.0,1,0.9715,Outflow Risk,0.9715
6229176,1326466.51,0.0,1,0.9978,Outflow Risk,0.9978
6241292,1323027.19,0.0,1,0.9978,Outflow Risk,0.9978
22589666,1322297.31,0.0,1,0.9965,Outflow Risk,0.9965
23187849,1320374.39,0.0,0,0.1309,Neutral,0.1331
3507051,1320000.0,0.0,1,0.9961,Outflow Risk,0.9961
1194126,1315005.28,0.0,1,0.9947,Outflow Risk,0.9947
3581827,1312777.78,0.0,1,0.9992,Outflow Risk,0.9992
16350755,1311875.0,0.0,0,0.1578,Neutral,0.1612
13130132,1311447.24,0.0,1,0.9967,Outflow Risk,0.9967
6035580,1310250.0,0.0,0,0.0749,Neutral,0.29
6057657,1303335.2,0.0,0,0.1575,Neutral,0.1588
14095866,1301573.5,0.0,1,0.9597,Outflow Risk,0.9597
1654920,1293557.88,0.0,1,0.9968,Outflow Risk,0.9968
3910504,1286616.54,0.0,1,0.961,Outflow Risk,0.961
6091031,1285751.93,0.0,0,0.1511,Neutral,0.1515
3371803,1285200.0,0.0,1,0.912,Outflow Risk,0.912
18948649,1279500.0,0.0,1,0.985,Outflow Risk,0.985
1394021,1275362.46,0.0,0,0.1247,Neutral,0.1247
143877,1273428.51,0.0,1,0.8969,Outflow Risk,0.8969
2040132,1268396.22,0.0,1,0.7863,Outflow Risk,0.832
840730,1267595.9,0.0,1,0.9921,Outflow Risk,0.9921
342125,1263016.75,0.0,0,0.1084,Neutral,0.1097
1311187,1258253.14,0.0,0,0.0873,Neutral,0.0876
17800336,1252625.6,0.0,1,0.9352,Outflow Risk,0.9352
24734869,1251944.78,0.0,1,0.972,Outflow Risk,0.972
1146181,1251556.26,0.0,1,0.998,Outflow Risk,0.998
1853426,1247148.09,0.0,1,0.9978,Outflow Risk,0.9978
5979690,1243866.35,0.0,1,0.9867,Outflow Risk,0.9867
761216,1240853.26,0.0,1,0.9956,Outflow Risk,0.9956
23258271,1240625.0,0.0,1,0.9693,Outflow Risk,0.9693
4566056,1238332.29,0.0,1,0.9978,Outflow Risk,0.9978
891393,1234631.66,0.0,0,0.1544,Neutral,0.1549
53807,1223553.21,0.0,0,0.1009,Neutral,0.1009
14309725,1218571.46,0.0,1,0.9976,Outflow Risk,0.9976
325693,1212500.0,0.0,1,0.9817,Outflow Risk,0.9817
5859513,1210187.5,0.0,1,0.9983,Outflow Risk,0.9983
3652573,1205125.0,0.0,0,0.1483,Neutral,0.1493
2379614,1201268.0,0.0,0,0.18,Neutral,0.1811
12306343,1198941.33,0.0,0,0.078,Neutral,0.078
2431541,1198600.0,0.0,0,0.1418,Neutral,0.1432
1237088,1197261.1,0.0,0,0.1007,Neutral,0.1012
19033760,1191745.0,0.0,1,0.9898,Outflow Risk,0.9898
1410043,1189575.52,0.0,0,0.0991,Neutral,0.0991
830060,1186000.0,0.0,1,0.998,Outflow Risk,0.998
319090,1184800.0,0.0,0,0.0543,Consolidation Opportunity,0.4728
3952960,1184000.0,0.0,1,0.9977,Outflow Risk,0.9977
21960827,1176718.71,0.0,0,0.1536,Neutral,0.1536
2334378,1173786.76,0.0,1,0.9892,Outflow Risk,0.9893
1487731,1172105.44,0.0,0,0.3233,Neutral,0.3243
1542173,1170051.28,0.0,1,0.9417,Outflow Risk,0.9418
4182986,1167078.62,0.0,0,0.126,Neutral,0.1274
1845867,1163500.33,0.0,0,0.1651,Neutral,0.1651
2871610,1147000.0,0.0,0,0.1677,Neutral,0.1679
6049316,1143479.45,0.0,0,0.0674,Neutral,0.0675
4036197,1131606.0,0.0,0,0.1503,Neutral,0.1503
6192859,1130100.0,0.0,0,0.2365,Neutral,0.2375
259741,1128200.0,0.0,0,0.1064,Neutral,0.1064
6100606,1121892.19,0.0,1,0.9967,Outflow Risk,0.9967
2680758,1120151.29,0.0,0,0.1731,Neutral,0.1731
6140542,1118623.96,0.0,1,0.9979,Outflow Risk,0.9979
115645,1114578.45,0.0,0,0.1131,Neutral,0.1131
21960253,1113870.6,0.0,0,0.1144,Neutral,0.1144
5946436,1113642.09,0.0,0,0.1531,Neutral,0.1531
15691,1113558.25,0.0,1,0.9839,Outflow Risk,0.9839
1636734,1107048.18,0.0,1,0.9988,Outflow Risk,0.9988
1402529,1104101.77,0.0,0,0.1039,Neutral,0.1044
11972330,1103445.22,0.0,0,0.1025,Neutral,0.1026
326677,1100720.0,0.0,0,0.0762,Neutral,0.0762
5580226,1099788.88,0.0,0,0.1002,Neutral,0.1003
6015291,1098058.04,0.0,1,0.9897,Outflow Risk,0.9898
852938,1096684.07,0.0,1,0.998,Outflow Risk,0.998
2135909,1095133.74,0.0,0,0.0956,Neutral,0.0958
1165413,1094581.28,0.0,0,0.1474,Neutral,0.1475
4615407,1094424.91,0.0,0,0.1019,Neutral,0.1019
846090,1092000.0,0.0,0,0.0904,Neutral,0.0909
1839918,1090992.82,0.0,0,0.1038,Neutral,0.1043
5700693,1090875.0,0.0,1,0.9834,Outflow Risk,0.9834
671993,1090659.99,0.0,1,0.9971,Outflow Risk,0.9971
903830,1090625.0,0.0,1,0.9876,Outflow Risk,0.9877
78395,1081997.99,0.0,0,0.1769,Neutral,0.1774
2425840,1080737.0,0.0,1,0.9939,Outflow Risk,0.9939
22585551,1078772.33,0.0,0,0.0752,Neutral,0.0753
893443,1078077.77,0.0,0,0.1052,Neutral,0.1057
3635831,1077500.0,0.0,0,0.1222,Neutral,0.1227
6041843,1076699.92,0.0,0,0.1195,Neutral,0.1201
2007256,1076599.66,0.0,0,0.138,Neutral,0.1384
2158665,1076212.14,0.0,0,0.0947,Neutral,0.0952
24613929,1074737.91,0.0,0,0.1272,Neutral,0.1293
356031,1073250.0,0.0,1,0.9237,Outflow Risk,0.9237
3618423,1067478.57,0.0,1,0.9928,Outflow Risk,0.9928
864502,1066434.99,0.0,1,0.9944,Outflow Risk,0.9944
3505504,1063689.58,0.0,0,0.1605,Neutral,0.161
22594197,1063666.67,0.0,1,0.9987,Outflow Risk,0.9987
4366970,1057504.56,0.0,1,0.9982,Outflow Risk,0.9982
4647455,1056500.0,0.0,0,0.1086,Neutral,0.1087
4644226,1054500.03,0.0,0,0.1089,Neutral,0.1095
5949245,1053300.0,0.0,0,0.2837,Neutral,0.2838
27371879,1049616.62,0.0,1,0.988,Outflow Risk,0.988
4356207,1047944.43,0.0,0,0.1451,Neutral,0.1466
15730403,1041334.5,0.0,0,0.0839,Neutral,0.0839
6088782,1038931.5,0.0,0,0.1652,Neutral,0.1656
401369,1033382.32,0.0,0,0.0894,Neutral,0.0894
5555213,1033294.48,0.0,1,0.9945,Outflow Risk,0.9945
5665948,1030920.61,0.0,1,0.9779,Outflow Risk,0.9779
6105843,1030600.0,0.0,0,0.1079,Neutral,0.1079
19086247,1028683.53,0.0,0,0.1066,Neutral,0.1067
872759,1025405.03,0.0,0,0.0966,Neutral,0.0967
6008434,1025220.22,0.0,0,0.0764,Neutral,0.2507
1909973,1022856.8,0.0,1,0.9947,Outflow Risk,0.9947
341438,1022672.68,0.0,0,0.0959,Neutral,0.0966
3516487,1021250.0,0.0,0,0.0608,Neutral,0.0608
2764684,1019685.37,0.0,0,0.1099,Neutral,0.1099
4601784,1018326.84,0.0,0,0.0954,Neutral,0.0955
4500139,1016083.69,0.0,0,0.2678,Neutral,0.2679
245689,1015726.77,0.0,0,0.1261,Neutral,0.1261
3556213,1014587.64,0.0,0,0.1627,Neutral,0.1628
3699901,1013391.5,0.0,0,0.1266,Neutral,0.1267
581249,1009800.0,0.0,0,0.1094,Neutral,0.1094
177945,1005833.3,0.0,1,0.9975,Outflow Risk,0.9975
25292298,1002633.59,0.0,0,0.0884,Neutral,0.0892
68769,1002266.64,0.0,0,0.1049,Neutral,0.1049
17801885,1000887.08,0.0,0,0.2039,Neutral,0.2045
19545039,999147.71,0.0,1,0.9945,Outflow Risk,0.9945
5966289,997200.0,0.0,1,0.9884,Outflow Risk,0.9885
2563519,994500.0,0.0,0,0.102,Neutral,0.1021
14672622,994500.0,0.0,0,0.175,Neutral,0.1756
5668160,994394.78,0.0,1,0.6869,Outflow Risk,0.7434
2352585,994065.33,0.0,0,0.0834,Neutral,0.0835
6139643,994000.0,0.0,0,0.0995,Neutral,0.0995
1386412,989878.75,0.0,0,0.2188,Neutral,0.219
4635307,987964.34,0.0,1,0.9467,Outflow Risk,0.9467
6006651,986363.76,0.0,0,0.1094,Neutral,0.11
1406349,985888.83,0.0,0,0.166,Neutral,0.168
3580763,983829.74,0.0,0,0.1067,Neutral,0.1072
1705030,983484.0,0.0,0,0.1127,Neutral,0.1133
2258130,981182.3,0.0,1,0.997,Outflow Risk,0.997
137132,979949.39,0.0,0,0.1421,Neutral,0.1426
22096300,979200.0,0.0,0,0.1691,Neutral,0.1696
833862,979099.95,0.0,0,0.1265,Neutral,0.1266
11341945,974358.37,0.0,0,0.1064,Neutral,0.1069
1090761,971215.41,0.0,0,0.1218,Neutral,0.1223
6017686,971056.71,0.0,1,0.9798,Outflow Risk,0.9798
21990529,970986.32,0.0,0,0.1021,Neutral,0.1025
128677,970605.66,0.0,0,0.1202,Neutral,0.1202
5662295,970000.0,0.0,1,0.9971,Outflow Risk,0.9971
110788,969649.09,0.0,1,0.9954,Outflow Risk,0.9954
163342,964222.74,0.0,0,0.1075,Neutral,0.1079
3626985,961666.6,0.0,0,0.0907,Neutral,0.0907
4701275,956501.17,0.0,1,0.9884,Outflow Risk,0.9884
27418068,952200.0,0.0,1,0.9926,Outflow Risk,0.9926
5926992,950993.12,0.0,0,0.0823,Neutral,0.0823
17802773,950500.0,0.0,0,0.0436,Neutral,0.3282
767268,950355.28,0.0,1,0.9945,Outflow Risk,0.9945
32214133,945000.0,0.0,0,0.1122,Neutral,0.1127
5554901,944305.05,0.0,0,0.1649,Neutral,0.1653
3227071,943151.67,0.0,0,0.0895,Neutral,0.0896
5409531,941904.63,0.0,1,0.9974,Outflow Risk,0.9974
10731579,941047.05,0.0,0,0.0808,Neutral,0.0813
6272507,940262.95,0.0,0,0.0886,Neutral,0.0892
1861410,934243.6,0.0,1,0.9971,Outflow Risk,0.9971
350184,927634.8,0.0,0,0.1069,Neutral,0.107
244810,926755.19,0.0,0,0.2413,Neutral,0.2423
1385023,926285.83,0.0,1,0.993,Outflow Risk,0.993
14651949,925000.0,0.0,1,0.9942,Outflow Risk,0.9942
5776241,924879.66,0.0,0,0.1376,Neutral,0.1378
3519964,921800.0,0.0,0,0.1752,Neutral,0.1763
19034116,921000.0,0.0,1,0.9915,Outflow Risk,0.9915
654157,919738.5,0.0,0,0.2622,Neutral,0.2666
6120056,918481.94,0.0,0,0.1113,Neutral,0.1113
40059,917734.26,0.0,0,0.1552,Neutral,0.1552
1230793,912000.0,0.0,0,0.1118,Neutral,0.1123
2286202,912000.0,0.0,1,0.997,Outflow Risk,0.997
22108544,911727.21,0.0,0,0.1581,Neutral,0.2616
2186747,910000.0,0.0,0,0.1651,Neutral,0.1652
3766852,910000.0,0.0,0,0.0898,Neutral,0.0899
5617817,910000.0,0.0,1,0.9979,Outflow Risk,0.9979
182913,907750.0,0.0,0,0.1071,Neutral,0.1075
742281,907670.0,0.0,0,0.1314,Neutral,0.3531
1066088,906953.05,0.0,0,0.1312,Neutral,0.1312
3894785,906237.21,0.0,0,0.1205,Neutral,0.1206
18584725,901648.1,0.0,0,0.1396,Neutral,0.1397
6204845,901137.33,0.0,1,0.9861,Outflow Risk,0.9861
2640812,899578.82,0.0,0,0.1446,Neutral,0.1451
19016058,897900.0,0.0,0,0.0862,Neutral,0.0862
11562468,897579.42,0.0,0,0.0882,Neutral,0.0883
1465906,892316.05,0.0,1,0.9969,Outflow Risk,0.9969
3550976,889102.04,0.0,1,0.9978,Outflow Risk,0.9978
3678220,888837.43,0.0,0,0.0956,Neutral,0.0961
29310232,888333.06,0.0,1,0.9878,Outflow Risk,0.9878
5574613,882790.0,0.0,0,0.0685,Neutral,0.069
5901123,881325.73,0.0,0,0.0975,Neutral,0.0976
11293209,880951.47,0.0,0,0.1622,Neutral,0.1628
22233541,879092.22,0.0,0,0.0979,Neutral,0.0979
6207030,878823.36,0.0,0,0.1169,Neutral,0.1169
5206869,878571.5,0.0,1,0.9955,Outflow Risk,0.9955
1179672,878461.54,0.0,1,0.9986,Outflow Risk,0.9986
14899134,876000.0,0.0,0,0.1433,Neutral,0.1439
357314,875329.75,0.0,0,0.0782,Neutral,0.0783
1149559,874284.0,0.0,0,0.0891,Neutral,0.0912
11260724,873477.48,0.0,0,0.1377,Neutral,0.1398
25284412,870200.0,0.0,1,0.9844,Outflow Risk,0.9844
1798410,870000.0,0.0,1,0.9778,Outflow Risk,0.9778
614923,868994.08,0.0,0,0.2555,Neutral,0.2558
6057911,867980.76,0.0,0,0.2156,Neutral,0.2157
6231247,867668.39,0.0,1,0.9628,Outflow Risk,0.9628
349362,863766.47,0.0,0,0.0875,Neutral,0.0876
168471,861024.8,0.0,0,0.1605,Neutral,0.1607
1155566,860943.13,0.0,1,0.9976,Outflow Risk,0.9976
3514180,859948.45,0.0,0,0.1279,Neutral,0.1284
6018248,859250.0,0.0,0,0.068,Neutral,0.068
22599303,857541.15,0.0,0,0.122,Neutral,0.122
6358402,857335.4,0.0,0,0.128,Neutral,0.1313
3316116,854872.2,0.0,1,0.9963,Outflow Risk,0.9963
1569182,852006.25,0.0,1,0.9706,Outflow Risk,0.9706
2216061,852000.0,0.0,0,0.0814,Neutral,0.0815
70263,849941.66,0.0,0,0.1936,Neutral,0.1937
329440,848968.43,0.0,0,0.0452,Neutral,0.2773
1402037,848150.79,0.0,0,0.158,Neutral,0.1586
18984151,847876.56,0.0,0,0.0376,Neutral,0.3392
2089164,845000.0,0.0,1,0.9951,Outflow Risk,0.9951
25353085,838820.48,0.0,0,0.1082,Neutral,0.1088
1370925,838272.65,0.0,0,0.1651,Neutral,0.1652
344131,836325.78,0.0,0,0.1215,Neutral,0.1221
22096774,836143.42,0.0,0,0.1004,Neutral,0.1018
351218,835716.7,0.0,1,0.9957,Outflow Risk,0.9957
6242386,831500.0,0.0,0,0.1266,Neutral,0.1269
693149,831359.24,0.0,0,0.0943,Neutral,0.0944
6041281,829550.679999999,0.0,0,0.1227,Neutral,0.1246
13311720,829539.72,0.0,0,0.001,Consolidation Opportunity,0.7979
1200198,828218.23,0.0,1,0.9801,Outflow Risk,0.9801
22101293,825500.0,0.0,0,0.1333,Neutral,0.1338
38507,824096.88,0.0,0,0.1471,Neutral,0.1471
1865513,823415.1,0.0,0,0.1274,Neutral,0.1274
6060274,823192.35,0.0,0,0.1247,Neutral,0.1252
23277687,821291.0,0.0,0,0.1036,Neutral,0.1044
3316849,819395.74,0.0,0,0.1494,Neutral,0.1499
22163792,818298.059999999,0.0,0,0.0331,Neutral,0.3827
2344852,816790.35,0.0,1,0.9952,Outflow Risk,0.9952
6330883,816660.0,0.0,1,0.9958,Outflow Risk,0.9958
23070413,816001.02,0.0,0,0.107,Neutral,0.1077
1165961,815932.76,0.0,1,0.9981,Outflow Risk,0.9981
19088453,814700.0,0.0,0,0.0882,Neutral,0.0888
4703923,812700.0,0.0,0,0.0798,Neutral,0.0802
752969,811518.47,0.0,0,0.1034,Neutral,0.1034
4651659,811502.0,0.0,0,0.0895,Neutral,0.09
5663547,810182.0,0.0,0,0.082,Neutral,0.0824
2265429,810000.0,0.0,1,0.9473,Outflow Risk,0.9549
19085583,806800.0,0.0,0,0.1041,Neutral,0.1047
522157,805939.92,0.0,0,0.0925,Neutral,0.0925
1391749,805029.42,0.0,0,0.1106,Neutral,0.1106
342697,802325.0,0.0,0,0.1133,Neutral,0.1134
1558676,796161.64,0.0,0,0.1111,Neutral,0.1111
1186496,795600.0,0.0,0,0.0896,Neutral,0.09
6173220,795040.64,0.0,0,0.1023,Neutral,0.1042
22088493,794000.0,0.0,1,0.8343,Outflow Risk,0.858
4618730,792961.82,0.0,0,0.1071,Neutral,0.1076
5648521,792625.0,0.0,0,0.1085,Neutral,0.1086
276920,790566.25,0.0,1,0.9935,Outflow Risk,0.9935
19020876,790500.72,0.0,1,0.9933,Outflow Risk,0.9933
133619,790413.16,0.0,0,0.1075,Neutral,0.1076
18312527,789749.56,0.0,1,0.9823,Outflow Risk,0.9823
248194,789397.86,0.0,0,0.0882,Neutral,0.0882
4372880,786948.99,0.0,1,0.9969,Outflow Risk,0.9969
6033231,786750.0,0.0,0,0.1097,Neutral,0.1102
21944474,784889.9,0.0,1,0.9896,Outflow Risk,0.9896
2222921,784614.6,0.0,0,0.0854,Neutral,0.0858
1171522,783675.18,0.0,1,0.9984,Outflow Risk,0.9984
3227978,783404.04,0.0,0,0.1105,Neutral,0.1105
891635,783250.95,0.0,0,0.107,Neutral,0.107
2867193,782103.92,0.0,1,0.9538,Outflow Risk,0.9538
4646047,781176.32,0.0,0,0.086,Neutral,0.0865
152647,780625.0,0.0,0,0.235,Neutral,0.2355
6010554,779746.66,0.0,0,0.107,Neutral,0.1074
2563503,779068.66,0.0,0,0.1038,Neutral,0.1039
21963183,778900.06,0.0,0,0.1215,Neutral,0.23
189906,778464.76,0.0,1,0.9487,Outflow Risk,0.9487
28220440,778375.0,0.0,0,0.0944,Neutral,0.0959
41085,776000.0,0.0,0,0.1212,Neutral,0.1213
13259611,775963.63,0.0,1,0.9966,Outflow Risk,0.9966
732627,775747.75,0.0,0,0.119,Neutral,0.1209
1614299,775510.05,0.0,0,0.0993,Neutral,0.0993
103816,775000.0,0.0,0,0.1309,Neutral,0.131
195676,774683.37,0.0,0,0.0775,Neutral,0.0781
4471211,774021.79,0.0,0,0.1129,Neutral,0.1134
2562481,774000.0,0.0,0,0.161,Neutral,0.1615
18736866,773493.13,0.0,0,0.1597,Neutral,0.1598
1386650,773000.0,0.0,0,0.1423,Neutral,0.1423
11769376,773000.0,0.0,0,0.104,Neutral,0.104
3304629,772675.28,0.0,0,0.0865,Neutral,0.0876
550428,772153.96,0.0,1,0.9981,Outflow Risk,0.9981
1898917,767238.21,0.0,0,0.1147,Neutral,0.1152
203192,765388.52,0.0,1,0.9868,Outflow Risk,0.9868
25377228,765000.0,0.0,0,0.0762,Neutral,0.0762
25823818,765000.0,0.0,0,0.1024,Neutral,0.1078
22121422,765000.0,0.0,0,0.1173,Neutral,0.1178
3227529,763701.95,0.0,0,0.1147,Neutral,0.1152
6124208,761985.1,0.0,1,0.6301,Outflow Risk,0.8751
25425306,760412.51,0.0,0,0.0987,Neutral,0.1018
15420250,760000.0,0.0,0,0.2873,Neutral,0.2874
4305813,758000.0,0.0,0,0.0963,Neutral,0.0967
5585972,758000.0,0.0,1,0.9915,Outflow Risk,0.9915
19601541,757227.0,0.0,0,0.0691,Neutral,0.071
906597,757150.0,0.0,0,0.1574,Neutral,0.1575
2505302,756820.99,0.0,0,0.1059,Neutral,0.1063
3062637,756782.4,0.0,1,0.9367,Outflow Risk,0.9367
17975634,755975.72,0.0,0,0.174,Neutral,0.1742
15606885,755909.04,0.0,1,0.9982,Outflow Risk,0.9982
2758792,752763.98,0.0,1,0.9913,Outflow Risk,0.9913
1149378,750733.71,0.0,0,0.0632,Neutral,0.0632
345753,750599.52,0.0,1,0.9922,Outflow Risk,0.9922
3840156,750000.0,0.0,1,0.9531,Outflow Risk,0.9531
147757,749775.0,0.0,0,0.087,Neutral,0.0874
29383878,747904.71,0.0,0,0.1162,Neutral,0.1168
268130,746341.34,0.0,0,0.1309,Neutral,0.1309
1370977,743500.02,0.0,0,0.1339,Neutral,0.134
308708,741558.0,0.0,0,0.1507,Neutral,0.1512
13855997,741250.0,0.0,0,0.1205,Neutral,0.1216
236166,739911.85,0.0,0,0.1281,Neutral,0.1282
1391754,739016.23,0.0,0,0.0932,Neutral,0.0932
340204,738200.0,0.0,0,0.1089,Neutral,0.1094
2935559,737199.13,0.0,0,0.1034,Neutral,0.1035
6354111,729810.0,0.0,0,0.0964,Neutral,0.0979
219743,729000.0,0.0,0,0.2172,Neutral,0.2173
26142593,728844.11,0.0,1,0.9368,Outflow Risk,0.9368
5796383,726567.72,0.0,1,0.9971,Outflow Risk,0.9971
1264783,724316.5,0.0,0,0.1726,Neutral,0.1727
23340480,719999.64,0.0,0,0.127,Neutral,0.1282
2428833,719494.28,0.0,0,0.2391,Neutral,0.2407
570844,719397.75,0.0,0,0.1367,Neutral,0.1368
4467209,717975.0,0.0,0,0.1238,Neutral,0.1247
2092452,717792.54,0.0,0,0.1269,Neutral,0.1273
1200897,716594.47,0.0,1,0.9885,Outflow Risk,0.9885
4613389,715380.28,0.0,0,0.0883,Neutral,0.0888
770151,714883.46,0.0,0,0.106,Neutral,0.106
286424,714078.11,0.0,0,0.0137,Neutral,0.3331
5201324,712984.66,0.0,0,0.1365,Neutral,0.1365
1045901,712124.54,0.0,0,0.127,Neutral,0.1271
679303,711359.46,0.0,0,0.1516,Neutral,0.1521
850369,710913.81,0.0,1,0.9918,Outflow Risk,0.9918
1043673,709844.25,0.0,0,0.0903,Neutral,0.0903
3447778,703304.28,0.0,0,0.1003,Neutral,0.1009
4693090,698964.28,0.0,0,0.0864,Neutral,0.0869
3498566,694265.56,0.0,1,0.977,Outflow Risk,0.977
1076074,693000.0,0.0,0,0.1172,Neutral,0.1188
22162758,689200.0,0.0,0,0.0984,Neutral,0.0984
737273,689166.72,0.0,0,0.124,Neutral,0.1241
22589731,689031.04,0.0,0,0.1041,Neutral,0.1043
5893407,688500.0,0.0,0,0.1222,Neutral,0.1222
4471895,688500.0,0.0,0,0.0952,Neutral,0.0957
17803700,688500.0,0.0,0,0.0899,Neutral,0.0903
675611,687607.43,0.0,1,0.9981,Outflow Risk,0.9981
21993924,687585.61,0.0,0,0.1322,Neutral,0.1327
4645873,685759.48,0.0,0,0.0977,Neutral,0.0977
4366987,684107.03,0.0,1,0.9948,Outflow Risk,0.9948
4805982,684059.83,0.0,0,0.1081,Neutral,0.1082
6046783,683750.0,0.0,0,0.0957,Neutral,0.0961
6264384,683072.85,0.0,0,0.1504,Neutral,0.1504
5344383,682906.88,0.0,0,0.1471,Neutral,0.1472
4309691,680662.66,0.0,0,0.1766,Neutral,0.178
2566487,679900.0,0.0,0,0.1549,Neutral,0.1555
99043,679641.0,0.0,0,0.116,Neutral,0.1165
4508164,679164.89,0.0,0,0.0827,Neutral,0.0831
3004202,675600.0,0.0,1,0.9943,Outflow Risk,0.9943
4141866,673200.0,0.0,0,0.1079,Neutral,0.1085
5799153,672505.0,0.0,0,0.1092,Neutral,0.1093
6121225,672330.62,0.0,0,0.0686,Neutral,0.2844
375533,671444.5,0.0,0,0.1264,Neutral,0.1265
6056172,670731.6,0.0,0,0.062,Neutral,0.0622
3057046,670009.0,0.0,0,0.081,Neutral,0.081
2653285,669822.26,0.0,0,0.1565,Neutral,0.1583
3505312,669375.0,0.0,0,0.0777,Neutral,0.0779
18520729,668200.53,0.0,0,0.1745,Neutral,0.1746
1639353,665714.57,0.0,0,0.0996,Neutral,0.1001
5154763,664422.54,0.0,1,0.9977,Outflow Risk,0.9977
3503245,664035.38,0.0,0,0.0955,Neutral,0.096
22121053,663280.0,0.0,0,0.0905,Neutral,0.091
5376167,662433.45,0.0,1,0.9973,Outflow Risk,0.9973
288664,662250.57,0.0,0,0.0961,Neutral,0.0962
6089015,659999.34,0.0,0,0.0308,Consolidation Opportunity,0.4695
22589401,659624.8,0.0,0,0.1014,Neutral,0.1014
6033424,657986.07,0.0,0,0.1237,Neutral,0.1243
5154745,657172.24,0.0,1,0.9793,Outflow Risk,0.9793
2042158,657065.64,0.0,0,0.0709,Neutral,0.0709
905280,656692.65,0.0,0,0.0994,Neutral,0.0994
5425501,656502.17,0.0,1,0.9957,Outflow Risk,0.9957
266019,656500.0,0.0,0,0.0057,Consolidation Opportunity,0.7835
26061917,654375.0,0.0,0,0.064,Neutral,0.0679
5541888,649687.23,0.0,0,0.0849,Neutral,0.0849
6069952,646307.47,0.0,0,0.1628,Neutral,0.1633
6121875,643835.66,0.0,0,0.2351,Neutral,0.2352
3136798,642097.39,0.0,1,0.9866,Outflow Risk,0.9866
6157113,638921.44,0.0,0,0.1555,Neutral,0.156
408605,638293.35,0.0,1,0.993,Outflow Risk,0.993
1194491,637228.01,0.0,0,0.1644,Neutral,0.1649
15980413,636412.46,0.0,0,0.1581,Neutral,0.1583
22121365,636000.0,0.0,0,0.3092,Neutral,0.3094
4545149,635830.58,0.0,0,0.111,Neutral,0.111
4653642,635679.25,0.0,0,0.0806,Neutral,0.0816
340859,634831.62,0.0,1,0.9976,Outflow Risk,0.9976
5732924,633500.0,0.0,0,0.1002,Neutral,0.1007
3031673,632692.31,0.0,0,0.1201,Neutral,0.1217
17181407,632353.68,0.0,0,0.1135,Neutral,0.1141
3363285,628747.92,0.0,0,0.1697,Neutral,0.1698
5988461,628552.87,0.0,1,0.9842,Outflow Risk,0.9842
4930106,628090.63,0.0,1,0.9891,Outflow Risk,0.9891
2177227,627000.0,0.0,0,0.0964,Neutral,0.0964
1625047,625771.52,0.0,1,0.9974,Outflow Risk,0.9974
5861663,624888.88,0.0,0,0.0672,Neutral,0.0672
3720406,624632.44,0.0,1,0.9887,Outflow Risk,0.9887
19123473,623883.19,0.0,0,0.0763,Neutral,0.0773
220089,623200.0,0.0,0,0.1483,Neutral,0.1483
2125597,623002.43,0.0,0,0.1445,Neutral,0.1449
1603100,621500.0,0.0,0,0.2294,Neutral,0.2299
1630035,619078.08,0.0,0,0.0419,Neutral,0.2284
4755251,618771.9,0.0,1,0.9925,Outflow Risk,0.9925
2201742,618750.0,0.0,0,0.1514,Neutral,0.1517
5889536,617400.0,0.0,0,0.0925,Neutral,0.0931
3122147,616503.4,0.0,0,0.1757,Neutral,0.1758
17962652,616272.14,0.0,0,0.1083,Neutral,0.1088
2856064,616210.19,0.0,0,0.1126,Neutral,0.1134
218140,616000.0,0.0,0,0.1422,Neutral,0.1426
16931925,616000.0,0.0,0,0.0764,Neutral,0.0765
1720587,615256.38,0.0,1,0.9636,Outflow Risk,0.9636
1179768,615059.99,0.0,1,0.9976,Outflow Risk,0.9976
4555171,613578.04,0.0,0,0.119,Neutral,0.119
5945640,613125.0,0.0,0,0.0202,Neutral,0.3493
222740,612000.0,0.0,0,0.1501,Neutral,0.1507
2060089,612000.0,0.0,0,0.075,Neutral,0.075
287396,612000.0,0.0,0,0.0348,Consolidation Opportunity,0.5402
22939445,612000.0,0.0,0,0.1579,Neutral,0.1587
20021610,612000.0,0.0,0,0.0897,Neutral,0.0897
330051,612000.0,0.0,0,0.1772,Neutral,0.1773
3528465,612000.0,0.0,0,0.0738,Neutral,0.0738
4633757,611924.73,0.0,0,0.113,Neutral,0.1131
3530693,610475.2,0.0,0,0.0908,Neutral,0.0917
26820844,610250.0,0.0,1,0.9876,Outflow Risk,0.9876
12376723,609187.87,0.0,0,0.1023,Neutral,0.1028
2620008,609000.0,0.0,0,0.0832,Neutral,0.0834
11143035,607580.0,0.0,0,0.0913,Neutral,0.0914
3677615,607048.68,0.0,0,0.1015,Neutral,0.1016
6048616,606875.0,0.0,0,0.1358,Neutral,0.1372
21944810,603139.39,0.0,0,0.0609,Neutral,0.1501
3516662,603000.0,0.0,0,0.0999,Neutral,0.1004
156582,602384.51,0.0,1,0.9969,Outflow Risk,0.9969
864484,600909.7,0.0,1,0.9964,Outflow Risk,0.9964
1252081,600409.14,0.0,0,0.195,Neutral,0.1956
22211022,600000.0,0.0,1,0.994,Outflow Risk,0.994
15870281,598507.47,0.0,1,0.993,Outflow Risk,0.993
2521879,598264.7,0.0,0,0.0779,Neutral,0.0781
19085590,597700.0,0.0,0,0.0885,Neutral,0.0885
4476436,596500.0,0.0,0,0.1074,Neutral,0.1075
3516609,595466.64,0.0,0,0.0976,Neutral,0.0981
182816,594000.0,0.0,0,0.1057,Neutral,0.1062
5625760,591738.94,0.0,0,0.1003,Neutral,0.1005
711309,590137.44,0.0,0,0.106,Neutral,0.1065
1898051,590000.0,0.0,1,0.9744,Outflow Risk,0.9744
2740787,587532.24,0.0,0,0.0863,Neutral,0.0863
3713883,587373.56,0.0,1,0.995,Outflow Risk,0.995
133522,587272.94,0.0,0,0.1872,Neutral,0.1873
4847337,586395.0,0.0,0,0.1676,Neutral,0.1677
324296,585165.6,0.0,0,0.0752,Neutral,0.0752
2125749,584447.76,0.0,0,0.116,Neutral,0.1165
242012,584000.0,0.0,0,0.1049,Neutral,0.1053
12327309,584000.0,0.0,0,0.0816,Neutral,0.0816
4798793,583472.76,0.0,0,0.1341,Neutral,0.1346
856009,583318.78,0.0,0,0.1332,Neutral,0.1333
29656,580658.54,0.0,0,0.1854,Neutral,0.1874
737665,580580.0,0.0,0,0.0865,Neutral,0.0866
779943,579326.61,0.0,0,0.1383,Neutral,0.1387
5392130,579117.01,0.0,0,0.0936,Neutral,0.0936
244676,578555.57,0.0,0,0.111,Neutral,0.111
6089942,577428.0,0.0,0,0.0658,Neutral,0.0658
6240334,576035.21,0.0,0,0.1586,Neutral,0.1587
1208513,575621.54,0.0,0,0.1757,Neutral,0.1767
349047,575085.35,0.0,0,0.0962,Neutral,0.0968
115905,573902.94,0.0,1,0.9851,Outflow Risk,0.9851
2664161,573321.42,0.0,0,0.1223,Neutral,0.1229
871135,573307.67,0.0,1,0.9809,Outflow Risk,0.9809
5793173,571562.53,0.0,1,0.9968,Outflow Risk,0.9968
817206,571428.56,0.0,1,0.9934,Outflow Risk,0.9934
17926757,570720.0,0.0,0,0.0656,Neutral,0.0657
129677,569666.0,0.0,0,0.1968,Neutral,0.1969
21854731,569350.03,0.0,1,0.9879,Outflow Risk,0.9879
906384,569250.0,0.0,0,0.0948,Neutral,0.0954
906420,569250.0,0.0,0,0.0893,Neutral,0.0895
18857570,568800.05,0.0,0,0.2117,Neutral,0.2118
24238,568712.25,0.0,0,0.107,Neutral,0.1074
53802,567808.12,0.0,0,0.1234,Neutral,0.1239
3502946,567300.0,0.0,0,0.0969,Neutral,0.0975
4039854,565989.82,0.0,0,0.1521,Neutral,0.1527
3217123,565400.0,0.0,0,0.0839,Neutral,0.0844
138988,562800.16,0.0,0,0.1147,Neutral,0.1147
2918510,562146.43,0.0,0,0.1061,Neutral,0.1066
1297481,561846.0,0.0,0,0.0701,Neutral,0.0701
12977157,561600.0,0.0,0,0.1179,Neutral,0.1188
29000280,560597.72,0.0,1,0.9741,Outflow Risk,0.9741
3848427,560000.0,0.0,0,0.1167,Neutral,0.1172
3692349,558581.81,0.0,1,0.9981,Outflow Risk,0.9981
5670733,557994.68,0.0,1,0.9885,Outflow Risk,0.9885
6037940,557082.54,0.0,0,0.1038,Neutral,0.1044
1929706,556520.67,0.0,0,0.1467,Neutral,0.1469
1650792,555200.0,0.0,1,0.9981,Outflow Risk,0.9981
1867070,554976.4,0.0,0,0.1027,Neutral,0.1027
792921,553963.73,0.0,0,0.0886,Neutral,0.0887
3943003,553921.11,0.0,1,0.9976,Outflow Risk,0.9976
12158128,553012.38,0.0,0,0.0901,Neutral,0.0915
1467261,552500.0,0.0,0,0.0936,Neutral,0.0946
44692,550992.63,0.0,0,0.3088,Neutral,0.3098
15350974,549888.16,0.0,0,0.0761,Neutral,0.0763
23027805,548106.64,0.0,0,0.0705,Neutral,0.0706
21916777,546692.3,0.0,0,0.0928,Neutral,0.0933
809586,545468.0,0.0,0,0.0749,Neutral,0.075
5891170,543150.0,0.0,0,0.1121,Neutral,0.1121
3857138,543068.42,0.0,0,0.1066,Neutral,0.1071
3392459,541209.05,0.0,0,0.0982,Neutral,0.0989
21969239,541045.65,0.0,0,0.0829,Neutral,0.0834
672915,540344.81,0.0,1,0.9666,Outflow Risk,0.9666
6250910,540000.0,0.0,1,0.9894,Outflow Risk,0.9894
11453571,539421.55,0.0,1,0.9961,Outflow Risk,0.9961
1140982,539211.04,0.0,1,0.9938,Outflow Risk,0.9938
214115,538062.48,0.0,0,0.1129,Neutral,0.1139
346332,536551.87,0.0,0,0.067,Neutral,0.0671
3804733,536067.11,0.0,0,0.0858,Neutral,0.0858
17802299,535928.55,0.0,0,0.0607,Neutral,0.0612
1764115,535519.28,0.0,0,0.1136,Neutral,0.1146
4140570,535500.0,0.0,0,0.1115,Neutral,0.1116
3514855,535500.0,0.0,0,0.085,Neutral,0.0851
1667393,534837.5,0.0,0,0.1325,Neutral,0.133
4280791,533999.91,0.0,0,0.0786,Neutral,0.0787
5655953,533963.44,0.0,0,0.082,Neutral,0.0821
21990239,533887.24,0.0,1,0.9958,Outflow Risk,0.9958
5664736,531771.81,0.0,0,0.0963,Neutral,0.0963
15410047,531576.63,0.0,0,0.0679,Neutral,0.0681
892034,531250.0,0.0,1,0.9973,Outflow Risk,0.9973
2030306,530000.0,0.0,1,0.9945,Outflow Risk,0.9945
5899653,528730.22,0.0,0,0.0983,Neutral,0.0991
329306,528000.21,0.0,0,0.214,Neutral,0.2143
111037,527003.53,0.0,1,0.9938,Outflow Risk,0.9938
3034367,526710.66,0.0,1,0.9926,Outflow Risk,0.9926
118112,525642.22,0.0,0,0.0535,Neutral,0.054
39470,523872.0,0.0,0,0.1232,Neutral,0.1236
1879756,523600.0,0.0,0,0.2783,Neutral,0.2788
6174432,522821.21,0.0,0,0.1141,Neutral,0.1142
1409955,522606.2,0.0,0,0.1304,Neutral,0.1309
6270969,521921.47,0.0,0,0.1308,Neutral,0.1314
5209873,519481.49,0.0,0,0.1124,Neutral,0.1125
4529493,518465.17,0.0,0,0.1848,Neutral,0.1854
784426,518000.0,0.0,0,0.1169,Neutral,0.1174
19065043,516037.96,0.0,0,0.0744,Neutral,0.0744
352709,513370.56,0.0,0,0.121,Neutral,0.1211
270035,513133.76,0.0,0,0.1503,Neutral,0.1509
4661833,512345.0,0.0,0,0.087,Neutral,0.0871
3847968,512188.08,0.0,0,0.0854,Neutral,0.0859
1530077,512058.7,0.0,0,0.09,Neutral,0.09
15733071,511854.42,0.0,1,0.9615,Outflow Risk,0.9615
2936824,511600.0,0.0,0,0.0835,Neutral,0.084
6150118,510700.0,0.0,0,0.085,Neutral,0.085
1929688,510317.14,0.0,0,0.1064,Neutral,0.1069
349701,509657.1,0.0,0,0.1404,Neutral,0.1404
1297506,509500.0,0.0,0,0.139,Neutral,0.1392
3848180,509000.0,0.0,0,0.0822,Neutral,0.0823
20002249,507852.98,0.0,0,0.0643,Neutral,0.0644
3549250,507750.0,0.0,0,0.0807,Neutral,0.0808
1861108,506057.19,0.0,1,0.9978,Outflow Risk,0.9978
1393929,504900.0,0.0,0,0.1309,Neutral,0.131
10941,504332.6,0.0,0,0.0618,Neutral,0.0619
1044322,504084.03,0.0,0,0.1053,Neutral,0.1055
23287047,503876.74,0.0,0,0.1004,Neutral,0.1005
1909122,501599.56,0.0,0,0.1184,Neutral,0.1188
16843671,501449.47,0.0,0,0.0797,Neutral,0.0807
1577241,501249.24,0.0,0,0.1036,Neutral,0.1047
2779248,500886.97,0.0,1,0.9964,Outflow Risk,0.9964
340082,500807.75,0.0,0,0.0454,Neutral,0.0455
3854307,500800.0,0.0,0,0.1064,Neutral,0.1065
618305,500000.0,0.0,1,0.9984,Outflow Risk,0.9984
305922,500000.0,0.0,1,0.9131,Outflow Risk,0.9131
33620556,500000.0,0.0,1,0.9754,Outflow Risk,0.9754
5574652,499893.0,0.0,0,0.1184,Neutral,0.1185
3189772,499842.0,0.0,0,0.2095,Neutral,0.2096
10739458,499500.0,0.0,0,0.0618,Neutral,0.0619
25436884,499104.25,0.0,0,0.0531,Neutral,0.0556
12553,497500.0,0.0,0,0.1306,Neutral,0.1306
2251614,495250.0,0.0,0,0.2458,Neutral,0.246
176274,495000.0,0.0,1,0.9917,Outflow Risk,0.9917
217876,494363.72,0.0,0,0.1553,Neutral,0.1557
431849,494172.23,0.0,0,0.0805,Neutral,0.0805
6372149,493874.47,0.0,0,0.1211,Neutral,0.1211
17928062,493500.0,0.0,0,0.1033,Neutral,0.1047
15413747,493151.04,0.0,0,0.1083,Neutral,0.109
6008498,492026.63,0.0,0,0.1142,Neutral,0.1147
660820,491765.2,0.0,0,0.0643,Neutral,0.0644
18493737,490048.73,0.0,0,0.2016,Neutral,0.2017
25824546,489977.96,0.0,0,0.0832,Neutral,0.0837
20144374,489846.1,0.0,0,0.1046,Neutral,0.1053
559330,489564.42,0.0,0,0.1367,Neutral,0.1368
23119115,488833.57,0.0,0,0.1732,Neutral,0.1745
6052917,488800.0,0.0,0,0.1477,Neutral,0.1482
4156487,488551.48,0.0,0,0.0955,Neutral,0.096
3533648,488512.49,0.0,0,0.1172,Neutral,0.1177
4661847,487782.2,0.0,0,0.1356,Neutral,0.1357
38260,487718.0,0.0,0,0.1528,Neutral,0.1528
1420532,487685.19,0.0,0,0.2365,Neutral,0.2371
2668528,487500.0,0.0,0,0.1519,Neutral,0.1524
5563295,486941.21,0.0,0,0.1237,Neutral,0.1243
98113,486720.17,0.0,0,0.1901,Neutral,0.1902
2033944,486700.72,0.0,0,0.11,Neutral,0.11
163915,486074.38,0.0,0,0.1524,Neutral,0.1529
5551452,486028.32,0.0,1,0.9969,Outflow Risk,0.9969
3115705,486000.0,0.0,0,0.1276,Neutral,0.1278
351396,485000.0,0.0,1,0.9865,Outflow Risk,0.9865
1156368,484707.62,0.0,0,0.1079,Neutral,0.108
16346337,484614.94,0.0,0,0.0571,Neutral,0.0577
1372827,484149.44,0.0,0,0.1306,Neutral,0.1307
769378,483625.0,0.0,0,0.094,Neutral,0.0941
6208370,482213.63,0.0,0,0.1066,Neutral,0.107
2767080,481624.96,0.0,0,0.1289,Neutral,0.1291
83466,480950.0,0.0,0,0.2124,Neutral,0.2125
6216754,480083.66,0.0,0,0.1507,Neutral,0.1512
5988877,480000.0,0.0,1,0.9978,Outflow Risk,0.9978
5619804,479985.2,0.0,0,0.1543,Neutral,0.1544
1177145,479453.36,0.0,0,0.0874,Neutral,0.0875
17782695,478991.33,0.0,0,0.0303,Neutral,0.0304
1727657,478826.36,0.0,1,0.9941,Outflow Risk,0.9941
14352452,478750.0,0.0,0,0.1302,Neutral,0.1302
32158327,478125.0,0.0,0,0.1457,Neutral,0.1466
22093159,478018.56,0.0,0,0.0755,Neutral,0.076
548780,478000.0,0.0,0,0.0875,Neutral,0.088
2945277,477955.91,0.0,0,0.0601,Neutral,0.0602
21918307,477843.03,0.0,0,0.0582,Neutral,0.0582
26946853,476765.17,0.0,0,0.1295,Neutral,0.1351
1390008,475988.04,0.0,0,0.0703,Neutral,0.0704
16316936,475364.79,0.0,0,0.1103,Neutral,0.1104
1499498,475313.34,0.0,0,0.1079,Neutral,0.108
6041037,475080.64,0.0,0,0.1016,Neutral,0.1016
21990866,473027.0,0.0,0,0.0665,Neutral,0.0665
1190569,473018.01,0.0,0,0.0952,Neutral,0.0952
1019380,471781.38,0.0,0,0.0369,Neutral,0.2156
14223021,468846.49,0.0,1,0.9952,Outflow Risk,0.9952
14208016,468603.26,0.0,0,0.2309,Neutral,0.2313
5625774,468587.93,0.0,0,0.2028,Neutral,0.2029
5912345,467900.0,0.0,0,0.0657,Neutral,0.0658
4092023,467500.0,0.0,0,0.172,Neutral,0.172
27288723,466298.75,0.0,0,0.0889,Neutral,0.094
3507401,466250.0,0.0,0,0.1385,Neutral,0.1385
29383720,465392.35,0.0,0,0.1788,Neutral,0.1794
319895,464400.0,0.0,0,0.1654,Neutral,0.1659
10512112,463493.98,0.0,0,0.118,Neutral,0.1185
1283167,462733.35,0.0,0,0.1064,Neutral,0.1065
1582381,462000.0,0.0,0,0.0682,Neutral,0.0683
217497,462000.0,0.0,0,0.1961,Neutral,0.1966
1194229,461700.0,0.0,0,0.0826,Neutral,0.0826
6126668,460623.54,0.0,0,0.1726,Neutral,0.1735
5776404,460563.36,0.0,0,0.091,Neutral,0.0911
329096,459500.0,0.0,0,0.1181,Neutral,0.1181
16954230,459000.0,0.0,0,0.0631,Neutral,0.0632
4647696,459000.0,0.0,0,0.0891,Neutral,0.0896
5682209,459000.0,0.0,0,0.1156,Neutral,0.1158
3430330,459000.0,0.0,0,0.1088,Neutral,0.1089
3283138,459000.0,0.0,0,0.1466,Neutral,0.1471
21351347,459000.0,0.0,0,0.09,Neutral,0.09
21969987,458335.97,0.0,0,0.0803,Neutral,0.0808
2318465,457360.72,0.0,0,0.1087,Neutral,0.1088
2348787,457264.71,0.0,0,0.1102,Neutral,0.1107
3688325,456716.93,0.0,1,0.9922,Outflow Risk,0.9922
829683,455865.87,0.0,1,0.9974,Outflow Risk,0.9974
6009710,455785.74,0.0,0,0.1091,Neutral,0.1095
5844809,451054.08,0.0,0,0.1004,Neutral,0.1009
218572,450970.97,0.0,0,0.1198,Neutral,0.1204
3026553,450385.99,0.0,0,0.1092,Neutral,0.1092
25284937,450000.01,0.0,0,0.1074,Neutral,0.1102
20067135,450000.0,0.0,1,0.9657,Outflow Risk,0.9657
1239648,449315.76,0.0,0,0.0697,Neutral,0.0697
817568,449159.62,0.0,0,0.0697,Neutral,0.0697
21958411,447500.0,0.0,0,0.0595,Neutral,0.0595
21966644,443000.0,0.0,1,0.992,Outflow Risk,0.992
103902,442583.32,0.0,0,0.0993,Neutral,0.0998
2553044,440138.16,0.0,0,0.0597,Neutral,0.0599
2473458,440099.91,0.0,0,0.0912,Neutral,0.0913
11561468,439374.12,0.0,0,0.0685,Neutral,0.069
4561789,439176.48,0.0,0,0.2269,Neutral,0.227
2882046,437440.14,0.0,0,0.2133,Neutral,0.2145
60243,437046.29,0.0,0,0.1622,Neutral,0.1623
6116531,436007.32,0.0,0,0.2274,Neutral,0.2275
24508372,435888.35,0.0,1,0.7275,Outflow Risk,0.7833
6421586,435242.5,0.0,1,0.9921,Outflow Risk,0.9921
12872973,434600.0,0.0,0,0.0828,Neutral,0.0834
5190474,433713.5,0.0,0,0.1765,Neutral,0.1766
6371967,433332.9,0.0,0,0.1115,Neutral,0.1121
59365,433033.11,0.0,0,0.085,Neutral,0.0854
11271997,433000.0,0.0,0,0.0865,Neutral,0.0866
78429,432992.55,0.0,0,0.0905,Neutral,0.0906
16956647,432965.35,0.0,0,0.1398,Neutral,0.1403
22589426,432854.16,0.0,0,0.0692,Neutral,0.0693
5787487,431200.0,0.0,0,0.103,Neutral,0.1031
4569419,430977.18,0.0,1,0.9879,Outflow Risk,0.9879
19330447,430752.41,0.0,0,0.0978,Neutral,0.0979
6022717,430356.459999999,0.0,0,0.0829,Neutral,0.083
5635567,430000.0,0.0,0,0.0903,Neutral,0.0907
3577515,429500.0,0.0,0,0.074,Neutral,0.0745
1574779,428572.0,0.0,1,0.9972,Outflow Risk,0.9972
2887925,427533.3,0.0,0,0.1685,Neutral,0.169
5650223,427158.18,0.0,0,0.1442,Neutral,0.1444
522516,426810.12,0.0,0,0.1318,Neutral,0.1318
19331056,426617.65,0.0,0,0.0554,Neutral,0.0554
5489464,425500.0,0.0,0,0.184,Neutral,0.1853
5619236,425500.0,0.0,0,0.1021,Neutral,0.1026
3019546,425116.14,0.0,0,0.1433,Neutral,0.1434
323145,424500.0,0.0,0,0.1005,Neutral,0.1009
19350840,424230.17,0.0,0,0.1561,Neutral,0.1563
14873787,423976.77,0.0,0,0.0983,Neutral,0.0985
3698539,423611.39,0.0,0,0.1142,Neutral,0.1157
289430,422400.0,0.0,0,0.0845,Neutral,0.0846
632863,421515.0,0.0,0,0.1264,Neutral,0.1269
2559583,421299.04,0.0,0,0.0903,Neutral,0.0908
17456887,421010.7,0.0,0,0.2348,Neutral,0.2372
354393,420781.62,0.0,0,0.1119,Neutral,0.112
3510255,420352.74,0.0,0,0.0811,Neutral,0.0812
6265727,420129.72,0.0,0,0.1064,Neutral,0.1068
52177,419700.0,0.0,0,0.1232,Neutral,0.1232
3502554,419178.69,0.0,0,0.0384,Neutral,0.0385
26201866,418913.01,0.0,1,0.9562,Outflow Risk,0.9562
5657427,418900.0,0.0,0,0.0893,Neutral,0.0894
254938,418468.68,0.0,0,0.2245,Neutral,0.2247
5953783,418300.8,0.0,1,0.9974,Outflow Risk,0.9974
4164001,418218.94,0.0,0,0.1423,Neutral,0.1424
2146994,418125.42,0.0,0,0.0888,Neutral,0.0894
3652280,418000.0,0.0,0,0.0967,Neutral,0.0968
5194330,417868.81,0.0,0,0.1904,Neutral,0.1905
3565570,416866.8,0.0,0,0.172,Neutral,0.172
186079,416711.88,0.0,0,0.11,Neutral,0.1105
566272,416602.28,0.0,1,0.9928,Outflow Risk,0.9928
102363,415715.04,0.0,0,0.1237,Neutral,0.1242
2813035,415368.83,0.0,1,0.9815,Outflow Risk,0.9815
287962,415160.0,0.0,0,0.0156,Neutral,0.2797
17620311,415055.84,0.0,0,0.0821,Neutral,0.0826
4467193,414675.0,0.0,0,0.1987,Neutral,0.1992
829472,413400.0,0.0,0,0.212,Neutral,0.2122
1571446,413043.62,0.0,0,0.1169,Neutral,0.1171
2300490,413010.0,0.0,0,0.2308,Neutral,0.2314
286725,413006.01,0.0,1,0.9636,Outflow Risk,0.9636
32311095,412500.04,0.0,0,0.1371,Neutral,0.1376
5716320,412500.0,0.0,0,0.0899,Neutral,0.09
2091537,412478.66,0.0,0,0.0582,Neutral,0.0583
74799,412223.1,0.0,0,0.1577,Neutral,0.1578
3626387,411840.48,0.0,1,0.9846,Outflow Risk,0.9846
38352,410430.13,0.0,0,0.1251,Neutral,0.1256
5811104,410211.28,0.0,0,0.204,Neutral,0.204
6060456,410000.0,0.0,1,0.9978,Outflow Risk,0.9978
1044529,409787.26,0.0,0,0.1137,Neutral,0.1137
5755199,409588.51,0.0,0,0.1326,Neutral,0.1332
3004241,408000.51,0.0,0,0.1693,Neutral,0.1697
6025070,408000.0,0.0,0,0.0914,Neutral,0.0915
4009444,407293.72,0.0,0,0.071,Neutral,0.0711
2888493,406982.31,0.0,0,0.1146,Neutral,0.1152
5570821,406466.97,0.0,0,0.1768,Neutral,0.1773
3287127,406185.76,0.0,0,0.1558,Neutral,0.1559
22301787,405719.98,0.0,1,0.9918,Outflow Risk,0.9918
6210507,405450.0,0.0,0,0.2339,Neutral,0.2349
2478308,404798.77,0.0,0,0.1588,Neutral,0.1589
5744149,404785.11,0.0,0,0.0523,Neutral,0.0523
6251239,404074.8,0.0,1,0.9903,Outflow Risk,0.9903
20129166,403666.64,0.0,0,0.1339,Neutral,0.134
23026386,401987.41,0.0,0,0.0847,Neutral,0.0847
5648660,400703.43,0.0,1,0.9812,Outflow Risk,0.9812
14728735,400000.0,0.0,1,0.9899,Outflow Risk,0.9899
18103345,399976.76,0.0,0,0.1763,Neutral,0.178
259738,399114.87,0.0,0,0.1291,Neutral,0.1297
322605,398587.42,0.0,0,0.1639,Neutral,0.1646
5656008,397950.0,0.0,0,0.13,Neutral,0.1301
1438518,397800.0,0.0,0,0.1118,Neutral,0.1119
186504,396431.92,0.0,0,0.1395,Neutral,0.1399
54806,396000.0,0.0,1,0.9959,Outflow Risk,0.9959
5982603,395849.39,0.0,0,0.0,Consolidation Opportunity,0.6953
5440052,395362.0,0.0,0,0.165,Neutral,0.1651
18103589,394221.839999999,0.0,0,0.1113,Neutral,0.1113
605523,394039.14,0.0,0,0.1886,Neutral,0.1887
4696517,393999.49,0.0,1,0.4722,Consolidation Opportunity,0.853
22981129,393866.68,0.0,0,0.0688,Neutral,0.0717
1052090,392823.99,0.0,0,0.0772,Neutral,0.0782
3730616,391998.17,0.0,0,0.0744,Neutral,0.0745
18532,391600.44,0.0,1,0.9881,Outflow Risk,0.9881
3516619,391600.0,0.0,0,0.1072,Neutral,0.1076
4009435,391542.32,0.0,0,0.0372,Neutral,0.0373
1331571,391000.0,0.0,0,0.074,Neutral,0.0742
3831078,390800.0,0.0,0,0.1177,Neutral,0.1182
2878800,390500.0,0.0,0,0.1014,Neutral,0.1015
895822,390000.0,0.0,0,0.2082,Neutral,0.2088
18552340,389284.82,0.0,0,0.0512,Neutral,0.0513
4620088,389283.72,0.0,0,0.2617,Neutral,0.2617
12725160,389000.0,0.0,1,0.9935,Outflow Risk,0.9935
1580090,388611.42,0.0,0,0.0776,Neutral,0.0781
908609,387878.0,0.0,0,0.1906,Neutral,0.1907
24619215,387192.93,0.0,0,0.0878,Neutral,0.0908
3323482,386164.66,0.0,0,0.1318,Neutral,0.1319
16930486,385926.76,0.0,0,0.0469,Neutral,0.0471
28773081,385000.01,0.0,1,0.9861,Outflow Risk,0.9861
3721118,385000.0,0.0,0,0.1015,Neutral,0.102
4340333,383925.76,0.0,1,0.9977,Outflow Risk,0.9977
3434283,383500.0,0.0,0,0.109,Neutral,0.109
2484535,383222.99,0.0,1,0.9829,Outflow Risk,0.9829
112803,382500.0,0.0,0,0.1404,Neutral,0.1405
4883145,382500.0,0.0,0,0.1137,Neutral,0.1141
143266,382500.0,0.0,0,0.1068,Neutral,0.1072
5778618,382500.0,0.0,0,0.0563,Neutral,0.0563
19089320,382500.0,0.0,0,0.1077,Neutral,0.1077
3702060,382500.0,0.0,0,0.0625,Neutral,0.0626
4027286,382500.0,0.0,0,0.186,Neutral,0.1862
3503042,382500.0,0.0,0,0.0742,Neutral,0.0743
76610,382500.0,0.0,0,0.166,Neutral,0.1666
717726,382238.0,0.0,0,0.2697,Neutral,0.2698
3721158,381750.0,0.0,0,0.1134,Neutral,0.1135
34021602,381740.06,0.0,1,0.9791,Outflow Risk,0.9791
19350843,381400.0,0.0,0,0.0836,Neutral,0.0836
169651,381351.67,0.0,0,0.0764,Neutral,0.0765
16135179,381063.22,0.0,0,0.1894,Neutral,0.1895
1194960,380000.0,0.0,1,0.9962,Outflow Risk,0.9962
14335,380000.0,0.0,0,0.2319,Neutral,0.2324
6073976,379159.01,0.0,0,0.1933,Neutral,0.1939
1164155,378719.3,0.0,0,0.1554,Neutral,0.1563
4347587,377778.42,0.0,0,0.0826,Neutral,0.0836
1616089,377500.0,0.0,0,0.147,Neutral,0.1471
342336,377196.19,0.0,0,0.1318,Neutral,0.1318
108659,377090.3,0.0,1,0.9932,Outflow Risk,0.9932
6123366,376666.67,0.0,1,0.9754,Outflow Risk,0.9754
136559,376068.27,0.0,0,0.1558,Neutral,0.1563
4106560,376056.43,0.0,0,0.1247,Neutral,0.1249
255536,375099.34,0.0,0,0.6697,Outflow Risk,0.6697
5796271,375076.94,0.0,1,0.9288,Outflow Risk,0.9288
19086115,375000.0,0.0,0,0.1533,Neutral,0.1565
1391796,374732.82,0.0,0,0.0773,Neutral,0.0774
4063349,374290.02,0.0,0,0.1425,Neutral,0.1426
6387278,373111.12,0.0,0,0.1244,Neutral,0.1245
27134869,372795.92,0.0,1,0.9838,Outflow Risk,0.9838
22083082,372737.16,0.0,0,0.0709,Neutral,0.0711
114041,372598.61,0.0,0,0.2729,Neutral,0.273
133529,372302.84,0.0,0,0.1432,Neutral,0.1436
4964035,372135.24,0.0,0,0.1318,Neutral,0.132
54342,371431.7,0.0,0,0.1487,Neutral,0.1488
19066204,371120.0,0.0,0,0.1138,Neutral,0.1143
1392122,370876.8,0.0,0,0.0385,Neutral,0.0386
10933,370611.16,0.0,1,0.9947,Outflow Risk,0.9947
3017272,370332.33,0.0,0,0.1673,Neutral,0.1673
662828,370000.0,0.0,1,0.997,Outflow Risk,0.997
3446576,369608.709999999,0.0,1,0.9963,Outflow Risk,0.9963
217489,369600.0,0.0,0,0.2011,Neutral,0.2015
6034228,368125.87,0.0,0,0.1768,Neutral,0.1772
1678193,367612.49,0.0,0,0.0688,Neutral,0.0688
17342149,367500.0,0.0,0,0.0831,Neutral,0.0836
6203383,367493.57,0.0,0,0.0743,Neutral,0.0743
19065220,367200.0,0.0,0,0.0921,Neutral,0.0935
822443,367200.0,0.0,0,0.1307,Neutral,0.1312
3650516,367006.75,0.0,1,0.9773,Outflow Risk,0.9773
2525156,367000.0,0.0,1,0.9969,Outflow Risk,0.9969
3659798,366891.55,0.0,0,0.0996,Neutral,0.1001
31014787,366666.68,0.0,1,0.9743,Outflow Risk,0.9743
23277392,366132.89,0.0,0,0.1734,Neutral,0.1741
22092641,365839.91,0.0,1,0.9772,Outflow Risk,0.9772
23277506,365699.72,0.0,0,0.1264,Neutral,0.1272
3858467,365381.41,0.0,1,0.9942,Outflow Risk,0.9942
1093108,364683.88,0.0,0,0.0732,Neutral,0.0733
5658993,364000.0,0.0,1,0.9914,Outflow Risk,0.9914
910439,364000.0,0.0,1,0.9843,Outflow Risk,0.9843
1514972,363960.01,0.0,0,0.1221,Neutral,0.1222
15640009,362815.02,0.0,0,0.058,Neutral,0.0592
1878080,361998.0,0.0,0,0.1735,Neutral,0.1736
19067127,361900.0,0.0,0,0.1662,Neutral,0.1663
286220,361900.0,0.0,0,0.1133,Neutral,0.1133
17803457,361772.0,0.0,0,0.0976,Neutral,0.098
286626,361766.66,0.0,0,0.1237,Neutral,0.1237
3731222,361689.76,0.0,1,0.9806,Outflow Risk,0.9806
773989,361619.0,0.0,0,0.1149,Neutral,0.1154
1625056,361249.83,0.0,0,0.0995,Neutral,0.0995
10731876,360798.32,0.0,0,0.1582,Neutral,0.1582
16026147,360655.74,0.0,1,0.9937,Outflow Risk,0.9937
2522429,360200.0,0.0,0,0.1208,Neutral,0.1209
18156711,360000.0,0.0,0,0.1445,Neutral,0.1446
64451,359999.82,0.0,0,0.1573,Neutral,0.1577
1989290,359999.82,0.0,0,0.124,Neutral,0.1242
1926597,359985.81,0.0,0,0.1687,Neutral,0.1696
241588,359668.76,0.0,0,0.1387,Neutral,0.1387
3061354,358887.51,0.0,0,0.0675,Neutral,0.0676
319640,358800.0,0.0,0,0.2019,Neutral,0.2019
5953951,358534.1,0.0,0,0.2898,Neutral,0.29
1242083,358152.59,0.0,0,0.0709,Neutral,0.071
6222194,358081.11,0.0,0,0.1723,Neutral,0.1728
5663729,358000.0,0.0,0,0.0872,Neutral,0.0873
1191604,356885.0,0.0,0,0.1572,Neutral,0.1573
22087748,356524.05,0.0,0,0.1348,Neutral,0.135
15733174,356212.86,0.0,1,0.9449,Outflow Risk,0.9449
23024304,355314.79,0.0,1,0.9459,Outflow Risk,0.9459
5992989,354571.43,0.0,0,0.1347,Neutral,0.1351
3212245,354404.39,0.0,0,0.1347,Neutral,0.1352
21918285,354073.3,0.0,0,0.1232,Neutral,0.1277
205560,354003.25,0.0,0,0.0516,Neutral,0.0517
6086378,353925.72,0.0,0,0.2204,Neutral,0.2214
794345,353891.08,0.0,0,0.1937,Neutral,0.1938
3031669,353845.18,0.0,0,0.0934,Neutral,0.0935
173301,353500.0,0.0,0,0.0951,Neutral,0.0951
309894,353157.23,0.0,1,0.9972,Outflow Risk,0.9972
5676561,352682.58,0.0,0,0.0976,Neutral,0.0978
14520,352396.1,0.0,0,0.1135,Neutral,0.1141
17803425,351900.0,0.0,0,0.1329,Neutral,0.1329
4013013,351487.13,0.0,1,0.9705,Outflow Risk,0.9705
235409,351380.16,0.0,0,0.1464,Neutral,0.1469
581417,351229.18,0.0,0,0.1196,Neutral,0.1201
17800351,350082.91,0.0,0,0.0816,Neutral,0.0817
678813,349705.6,0.0,0,0.0585,Neutral,0.0586
3505626,348750.0,0.0,0,0.0937,Neutral,0.0942
1109652,348000.0,0.0,0,0.1551,Neutral,0.1556
249920,347887.84,0.0,0,0.1859,Neutral,0.1863
708989,347040.0,0.0,0,0.1725,Neutral,0.1736
23070580,346949.6,0.0,1,0.9932,Outflow Risk,0.9932
16675303,344300.0,0.0,0,0.1066,Neutral,0.1066
12467486,344250.0,0.0,0,0.1564,Neutral,0.1569
1407185,343470.33,0.0,0,0.1496,Neutral,0.1501
61298,343433.8,0.0,0,0.1182,Neutral,0.1187
25019,343349.48,0.0,0,0.094,Neutral,0.0941
1745287,343346.23,0.0,0,0.0909,Neutral,0.0915
99037,342685.87,0.0,0,0.1234,Neutral,0.1235
1453633,342400.0,0.0,0,0.0632,Neutral,0.0634
5980689,342356.82,0.0,1,0.996,Outflow Risk,0.996
1347331,342300.0,0.0,0,0.067,Neutral,0.067
5791177,341490.53,0.0,1,0.9944,Outflow Risk,0.9944
3857179,340202.2,0.0,0,0.0884,Neutral,0.0889
6073896,339779.51,0.0,1,0.998,Outflow Risk,0.998
4635711,339500.0,0.0,1,0.9977,Outflow Risk,0.9977
4194934,339500.0,0.0,0,0.1103,Neutral,0.1107
22168271,339026.34,0.0,0,0.1157,Neutral,0.1163
2149384,338850.0,0.0,0,0.1468,Neutral,0.1468
6070397,338800.0,0.0,0,0.2586,Neutral,0.2591
12232406,338455.01,0.0,1,0.9921,Outflow Risk,0.9921
846132,338364.33,0.0,0,0.1256,Neutral,0.1261
11453501,338300.0,0.0,0,0.0928,Neutral,0.0933
12717751,338183.19,0.0,0,0.0612,Neutral,0.0613
19062660,337879.4,0.0,0,0.0491,Neutral,0.0493
841868,337077.45,0.0,0,0.1284,Neutral,0.1284
2275265,336620.28,0.0,0,0.0543,Neutral,0.0543
1400177,336186.46,0.0,0,0.052,Neutral,0.0521
1140149,336175.31,0.0,1,0.9925,Outflow Risk,0.9925
16787346,336078.95,0.0,0,0.124,Neutral,0.1245
184721,335616.45,0.0,0,0.16,Neutral,0.1605
1246871,335520.11,0.0,0,0.3139,Neutral,0.314
6156819,334573.63,0.0,0,0.1494,Neutral,0.1496
135405,334125.5,0.0,0,0.2061,Neutral,0.2065
329944,333938.33,0.0,0,0.1317,Neutral,0.1317
244917,333484.34,0.0,1,0.9976,Outflow Risk,0.9976
1764100,333461.97,0.0,0,0.1007,Neutral,0.1008
6050708,333338.58,0.0,0,0.1082,Neutral,0.1083
324777,333151.83,0.0,1,0.9972,Outflow Risk,0.9972
2787,333053.55,0.0,0,0.1399,Neutral,0.14
346290,332907.1,0.0,0,0.1151,Neutral,0.1151
3847988,332870.52,0.0,0,0.0912,Neutral,0.0917
1116241,332500.0,0.0,0,0.1229,Neutral,0.1229
22214414,331983.339999999,0.0,1,0.9748,Outflow Risk,0.9748
3023452,330745.14,0.0,0,0.1706,Neutral,0.1706
6157475,330021.0,0.0,0,0.1219,Neutral,0.1223
2905839,329594.49,0.0,0,0.0962,Neutral,0.0967
184709,329123.49,0.0,1,0.9932,Outflow Risk,0.9932
4208403,328950.0,0.0,0,0.1619,Neutral,0.1624
19062844,328950.0,0.0,0,0.0796,Neutral,0.08
3078514,328258.51,0.0,1,0.9898,Outflow Risk,0.9898
6241174,327934.93,0.0,0,0.0944,Neutral,0.0947
25280333,327750.0,0.0,0,0.1561,Neutral,0.1573
2838692,327564.0,0.0,0,0.0933,Neutral,0.0933
5811123,326585.84,0.0,0,0.1342,Neutral,0.1347
4435504,326282.31,0.0,0,0.0861,Neutral,0.0866
87314,326168.26,0.0,0,0.2573,Neutral,0.2574
24498,325827.96,0.0,1,0.9896,Outflow Risk,0.9896
19065050,325500.0,0.0,0,0.0806,Neutral,0.0807
24172468,325431.0,0.0,0,0.1553,Neutral,0.1554
25432041,325093.66,0.0,0,0.1204,Neutral,0.1212
1915005,325000.0,0.0,1,0.9891,Outflow Risk,0.9891
4634021,325000.0,0.0,0,0.0738,Neutral,0.0739
2767417,324790.18,0.0,0,0.0956,Neutral,0.096
19063624,324721.92,0.0,0,0.0808,Neutral,0.0813
1169598,324695.17,0.0,0,0.1077,Neutral,0.1082
4894794,323750.0,0.0,0,0.1042,Neutral,0.1046
833625,323400.0,0.0,0,0.0851,Neutral,0.0856
1187128,323400.0,0.0,0,0.0866,Neutral,0.0871
4563918,322621.12,0.0,0,0.0836,Neutral,0.084
5743427,322388.07,0.0,1,0.968,Outflow Risk,0.968
15568512,322000.0,0.0,0,0.087,Neutral,0.0871
5670521,321875.0,0.0,1,0.9868,Outflow Risk,0.9868
28662343,320910.839999999,0.0,0,0.1794,Neutral,0.1804
14658706,320495.75,0.0,0,0.254,Neutral,0.255
1531779,320000.0,0.0,0,0.1166,Neutral,0.1167
3588297,319951.72,0.0,0,0.0877,Neutral,0.0882
1778739,319038.72,0.0,0,0.2039,Neutral,0.204
23026388,318967.05,0.0,0,0.0664,Neutral,0.0664
4095994,318500.0,0.0,0,0.1613,Neutral,0.1618
4016895,318125.1,0.0,0,0.0645,Neutral,0.065
1071778,317888.91,0.0,0,0.134,Neutral,0.1355
2844687,317809.59,0.0,0,0.0745,Neutral,0.0745
5574326,317297.0,0.0,0,0.0812,Neutral,0.0817
18070092,317177.45,0.0,1,0.9973,Outflow Risk,0.9973
4201311,316800.0,0.0,0,0.1055,Neutral,0.1057
23119094,316705.17,0.0,0,0.0888,Neutral,0.0888
5924566,316579.98,0.0,0,0.0813,Neutral,0.0815
2780557,316545.48,0.0,0,0.2051,Neutral,0.2055
4023203,316527.37,0.0,0,0.0344,Neutral,0.2473
901713,316264.86,0.0,0,0.0808,Neutral,0.0812
1405499,316251.0,0.0,0,0.1344,Neutral,0.1349
1665284,316140.25,0.0,0,0.0771,Neutral,0.0771
3848174,315500.0,0.0,0,0.0859,Neutral,0.086
5968657,315200.0,0.0,0,0.1309,Neutral,0.131
29874923,315086.78,0.0,1,0.994,Outflow Risk,0.994
243173,314873.24,0.0,0,0.0808,Neutral,0.0809
22580501,314723.27,0.0,0,0.0714,Neutral,0.0718
5966283,314700.0,0.0,0,0.0807,Neutral,0.0807
3258166,314414.11,0.0,0,0.0637,Neutral,0.0638
5241516,313831.68,0.0,0,0.1011,Neutral,0.1011
1605136,313821.0,0.0,0,0.091,Neutral,0.0911
1117167,313768.29,0.0,0,0.1019,Neutral,0.1023
21871019,313731.05,0.0,1,0.996,Outflow Risk,0.996
155785,313125.84,0.0,0,0.1564,Neutral,0.157
3242743,313025.55,0.0,0,0.0877,Neutral,0.0877
15730397,312667.78,0.0,0,0.0883,Neutral,0.0888
22783580,312599.64,0.0,0,0.0417,Neutral,0.0419
21944489,311599.28,0.0,0,0.1178,Neutral,0.1178
2879792,311176.64,0.0,0,0.0906,Neutral,0.0912
12307758,310960.47,0.0,0,0.1311,Neutral,0.1315
24382792,310905.92,0.0,0,0.1456,Neutral,0.1465
4329370,310864.68,0.0,0,0.0823,Neutral,0.0823
3457493,310781.39,0.0,0,0.1376,Neutral,0.1376
5555060,310666.68,0.0,1,0.9715,Outflow Risk,0.9715
1195355,309981.0,0.0,0,0.1406,Neutral,0.1406
5574389,309778.0,0.0,0,0.0837,Neutral,0.0842
345662,309743.09,0.0,0,0.0744,Neutral,0.0744
18562518,309550.0,0.0,0,0.0829,Neutral,0.0829
707799,308644.89,0.0,1,0.9928,Outflow Risk,0.9928
18048927,308312.96,0.0,0,0.0686,Neutral,0.0691
2731921,308000.0,0.0,0,0.0538,Neutral,0.0539
6046410,307932.15,0.0,0,0.2187,Neutral,0.2187
3292353,307506.69,0.0,0,0.0908,Neutral,0.0909
454634,306541.67,0.0,0,0.1305,Neutral,0.131
131670,306000.0,0.0,0,0.044,Neutral,0.0441
3449939,306000.0,0.0,0,0.1117,Neutral,0.1118
3587927,306000.0,0.0,0,0.0756,Neutral,0.0757
3556502,306000.0,0.0,0,0.0967,Neutral,0.0972
286333,306000.0,0.0,0,0.1041,Neutral,0.1041
1989738,306000.0,0.0,0,0.1255,Neutral,0.1255
1850412,306000.0,0.0,0,0.0977,Neutral,0.1003
2759380,306000.0,0.0,0,0.0778,Neutral,0.0779
4618859,306000.0,0.0,0,0.0386,Neutral,0.0387
1851893,306000.0,0.0,0,0.0937,Neutral,0.0938
18803141,305808.73,0.0,0,0.1125,Neutral,0.1139
1349684,305600.0,0.0,0,0.3735,Neutral,0.3735
6049260,305400.0,0.0,0,0.0866,Neutral,0.0866
3018537,305104.15,0.0,1,0.992,Outflow Risk,0.992
3505540,305057.75,0.0,0,0.0798,Neutral,0.0799
904032,305039.64,0.0,0,0.0833,Neutral,0.0833
3053182,304541.2,0.0,0,0.1081,Neutral,0.1086
612366,303768.83,0.0,0,0.1432,Neutral,0.1432
829759,303678.34,0.0,0,0.1196,Neutral,0.1196
27184229,303000.0,0.0,0,0.098,Neutral,0.0988
806919,303000.0,0.0,0,0.1119,Neutral,0.1123
6069579,302848.28,0.0,0,0.0912,Neutral,0.0913
5419363,302041.14,0.0,0,0.033,Neutral,0.0331
6179165,301938.14,0.0,0,0.0877,Neutral,0.0882
5943028,301731.529999999,0.0,0,0.1397,Neutral,0.1401
6070674,301250.0,0.0,0,0.0872,Neutral,0.0878
1740417,300972.27,0.0,0,0.1067,Neutral,0.1072
23323029,300692.58,0.0,0,0.0688,Neutral,0.0689
778007,300356.74,0.0,0,0.0662,Neutral,0.0663
3626591,300000.0,0.0,0,0.153,Neutral,0.153
1911841,300000.0,0.0,0,0.136,Neutral,0.136
