PartyId,direction_flag,prob_consolidation,prob_outflow_risk,prob_neutral,action_priority_score,total_external_balance,total_cytd_inflow,total_cytd_outflow,has_large_withdrawal,has_rollover,has_external_account,tenure_years,PartyAge
4313894,Outflow Risk,0.0,0.9993,0.0007,0.9993,0.0,0.0,3057000.0,1,0,0,7.91506849315068,73
1109683,Outflow Risk,0.0,0.9992,0.0008,0.9992,0.0,0.0,2329846.57,1,0,0,17.03287671,71
3581827,Outflow Risk,0.0,0.9992,0.0008,0.9992,0.0,0.0,1312777.78,1,0,0,9.22739726027397,81
3805210,Outflow Risk,0.0,0.9991,0.0009,0.9991,0.0,0.0,1889485.62,1,0,0,8.63287671232876,74
32214543,Outflow Risk,0.0,0.9991,0.0009,0.9991,0.0,0.0,1550482.10999999,1,0,0,9.44383561643835,74
32214562,Outflow Risk,0.0,0.999,0.001,0.999,0.0,0.0,1991642.83,1,0,0,9.44383561643835,72
1437534,Outflow Risk,0.0,0.999,0.001,0.999,0.0,0.0,1670700.0,1,0,0,23.04657534,73
5990682,Outflow Risk,0.0,0.999,0.001,0.999,0.0,0.0,2097817.66,1,0,0,11.8657534246575,86
1755150,Outflow Risk,0.0,0.999,0.001,0.999,0.0,0.0,3704000.0,1,0,0,14.77260274,91
3856047,Outflow Risk,0.0,0.999,0.001,0.999,0.0,0.0,1352927.9,1,0,0,8.47671232876712,86
34760,Outflow Risk,0.0,0.999,0.001,0.999,0.0,0.0,1658303.3,1,0,0,32.16712329,84
1615483,Outflow Risk,0.0,0.999,0.001,0.999,0.0,0.0,2317334.41,1,0,0,15.35616438,86
4068349,Outflow Risk,0.0,0.9989,0.0011,0.9989,0.0,0.0,1941992.38,1,0,0,33.2958904109589,89
3503438,Outflow Risk,0.0,0.9989,0.0011,0.9989,0.0,0.0,4896000.0,1,0,0,9.43835616438356,75
3651637,Outflow Risk,0.0,0.9989,0.0011,0.9989,0.0,0.0,3562322.55,1,0,0,8.91506849315068,76
346293,Outflow Risk,0.0,0.9988,0.0012,0.9988,0.0,0.0,1745658.39,1,0,0,18.40821918,80
1636734,Outflow Risk,0.0,0.9988,0.0012,0.9988,0.0,0.0,1107048.18,1,0,0,15.30410959,81
350731,Outflow Risk,0.0,0.9988,0.0012,0.9988,0.0,0.0,2776990.67,1,0,0,18.45479452,76
1001381,Outflow Risk,0.0,0.9988,0.0012,0.9988,0.0,0.0,6546548.83,1,0,0,32.63561644,81
1006221,Outflow Risk,0.0,0.9988,0.0012,0.9988,0.0,0.0,2365108.64,1,0,0,39.9890411,90
6233201,Outflow Risk,0.0,0.9988,0.0012,0.9988,0.0,0.0,2734673.55,1,0,0,39.1616438356164,70
1860672,Outflow Risk,0.0,0.9987,0.0013,0.9987,0.0,0.0,1930655.16,1,0,0,14.3890411,77
1861367,Outflow Risk,0.0,0.9987,0.0013,0.9987,0.0,0.0,3062386.47,1,0,0,14.38356164,76
3599882,Outflow Risk,0.0,0.9987,0.0013,0.9987,0.0,0.0,3952138.57,1,0,0,8.28493150684931,98
5613769,Outflow Risk,0.0,0.9987,0.0013,0.9987,0.0,0.0,2217998.45,1,0,0,7.32054794520548,88
5841624,Outflow Risk,0.0,0.9987,0.0013,0.9987,0.0,0.0,3937914.38,1,0,0,24.986301369863,83
22594197,Outflow Risk,0.0,0.9987,0.0013,0.9987,0.0,0.0,1063666.67,1,0,0,15.0547945205479,75
4095880,Outflow Risk,0.0,0.9987,0.0013,0.9987,0.0,0.0,2410625.0,1,0,0,8.28219178082191,69
465219,Outflow Risk,0.0,0.9987,0.0013,0.9987,0.0,0.0,1964500.0,1,0,0,24.00821918,92
4112904,Outflow Risk,0.0,0.9987,0.0013,0.9987,0.0,0.0,1955205.34,1,0,0,24.745205479452,71
4718580,Outflow Risk,0.0,0.9987,0.0013,0.9987,0.0,0.0,3219377.92999999,1,0,0,13.6575342465753,78
1653278,Outflow Risk,0.0,0.9987,0.0013,0.9987,0.0,0.0,3262076.15,1,0,0,17.8109589,75
2023261,Outflow Risk,0.0,0.9986,0.0014,0.9986,0.0,0.0,7648373.8,1,0,0,13.98082192,73
1849339,Outflow Risk,0.0,0.9986,0.0014,0.9986,0.0,0.0,3240432.0,1,0,0,14.38630137,73
2408197,Outflow Risk,0.0,0.9986,0.0014,0.9986,0.0,0.0,4160200.0,1,0,0,12.84383562,87
1179672,Outflow Risk,0.0,0.9986,0.0014,0.9986,0.0,0.0,878461.54,1,0,0,16.85753425,81
202850,Outflow Risk,0.0,0.9986,0.0014,0.9986,0.0,0.0,1386902.08,1,0,0,51.4109589,84
1887835,Outflow Risk,0.0,0.9985,0.0015,0.9985,0.0,0.0,1560500.0,1,0,0,14.23287671,88
2636390,Outflow Risk,0.0,0.9985,0.0015,0.9985,0.0,0.0,1626029.33,1,0,0,12.15616438,66
1171522,Outflow Risk,0.0,0.9984,0.0016,0.9984,0.0,0.0,783675.18,1,0,0,16.87671233,74
618305,Outflow Risk,0.0,0.9984,0.0016,0.9984,0.0,0.0,500000.0,1,0,0,8.745205479,73
6022962,Outflow Risk,0.0,0.9984,0.0016,0.9984,0.0,0.0,1466693.9,1,0,0,23.4575342465753,73
1396010,Outflow Risk,0.0,0.9984,0.0016,0.9984,0.0,0.0,4184819.39,1,0,0,25.10410959,75
6249821,Outflow Risk,0.0,0.9984,0.0016,0.9984,0.0,0.0,2950847.25,1,0,0,26.7753424657534,83
1193036,Outflow Risk,0.0,0.9984,0.0016,0.9984,0.0,0.0,2414000.91,1,0,0,16.87945205,72
5753891,Outflow Risk,0.0,0.9984,0.0016,0.9984,0.0,0.0,3277740.0,1,0,0,4.37808219178082,89
5586379,Outflow Risk,0.0,0.9983,0.0017,0.9983,0.0,0.0,3215720.17,1,0,0,25.5808219178082,83
1853078,Outflow Risk,0.0,0.9983,0.0017,0.9983,0.0,0.0,6174324.83,1,0,0,27.82739726,87
264251,Outflow Risk,0.0,0.9983,0.0017,0.9983,0.0,0.0,1690345.02,1,0,0,18.94794521,76
5918854,Outflow Risk,0.0,0.9983,0.0017,0.9983,0.0,0.0,3872082.4,1,0,0,20.786301369863,72
899561,Outflow Risk,0.0,0.9983,0.0017,0.9983,0.0,0.0,3605105.04,1,0,0,17.12054795,75
1401425,Outflow Risk,0.0,0.9983,0.0017,0.9983,0.0,0.0,38982004.96,1,0,0,22.34520548,73
5987476,Outflow Risk,0.0,0.9983,0.0017,0.9983,0.0,0.0,1415595.27,1,0,0,40.1808219178082,74
1148021,Outflow Risk,0.0,0.9983,0.0017,0.9983,0.0,0.0,1555081.99,1,0,0,16.91506849,76
5859513,Outflow Risk,0.0,0.9983,0.0017,0.9983,0.0,0.0,1210187.5,1,0,0,6.90958904109589,68
6075931,Outflow Risk,0.0,0.9982,0.0018,0.9982,0.0,0.0,3060000.0,1,0,0,36.6904109589041,76
15606885,Outflow Risk,0.0,0.9982,0.0018,0.9982,0.0,0.0,755909.04,1,0,0,5.0986301369863,74
654818,Outflow Risk,0.0,0.9982,0.0018,0.9982,0.0,0.0,2301262.79,1,0,0,34.53424658,83
4366970,Outflow Risk,0.0,0.9982,0.0018,0.9982,0.0,0.0,1057504.56,1,0,0,7.80273972602739,78
1116323,Outflow Risk,0.0,0.9982,0.0018,0.9982,0.0,0.0,2434833.07,1,0,0,16.90958904,82
3727371,Outflow Risk,0.0,0.9981,0.0019,0.9981,0.0,0.0,3233800.0,1,0,0,8.78630136986301,71
4019459,Outflow Risk,0.0,0.9981,0.0019,0.9981,0.0,0.0,4208031.7,1,0,0,8.30684931506849,65
550428,Outflow Risk,0.0,0.9981,0.0019,0.9981,0.0,0.0,772153.96,1,0,0,10.21917808,74
675611,Outflow Risk,0.0,0.9981,0.0019,0.9981,0.0,0.0,687607.43,1,0,0,37.68767123,90
1650792,Outflow Risk,0.0,0.9981,0.0019,0.9981,0.0,0.0,555200.0,1,0,0,15.27123288,85
1165961,Outflow Risk,0.0,0.9981,0.0019,0.9981,0.0,0.0,815932.76,1,0,0,16.81643836,73
3692349,Outflow Risk,0.0,0.9981,0.0019,0.9981,0.0,0.0,558581.81,1,0,0,8.90136986301369,88
6073896,Outflow Risk,0.0,0.998,0.002,0.998,0.0,0.0,339779.51,1,0,0,18.4931506849315,75
852938,Outflow Risk,0.0,0.998,0.002,0.998,0.0,0.0,1096684.07,1,0,0,17.29315068,73
830060,Outflow Risk,0.0,0.998,0.002,0.998,0.0,0.0,1186000.0,1,0,0,15.89863014,72
1146181,Outflow Risk,0.0,0.998,0.002,0.998,0.0,0.0,1251556.26,1,0,0,16.92054795,77
4569269,Outflow Risk,0.0,0.998,0.002,0.998,0.0,0.0,3593928.6,1,0,0,7.55068493150684,79
5617817,Outflow Risk,0.0,0.9979,0.0021,0.9979,0.0,0.0,910000.0,1,0,0,7.24657534246575,68
6225713,Outflow Risk,0.0,0.9979,0.0021,0.9979,0.0,0.0,1939900.0,1,0,0,35.9835616438356,75
1617254,Outflow Risk,0.0,0.9979,0.0021,0.9979,0.0,0.0,6456830.73,1,0,0,31.0109589,77
6140542,Outflow Risk,0.0,0.9979,0.0021,0.9979,0.0,0.0,1118623.96,1,0,0,31.0109589041095,80
268475,Outflow Risk,0.0,0.9979,0.0021,0.9979,0.0,0.0,3899792.42,1,0,0,26.94246575,78
4670602,Outflow Risk,0.0,0.9979,0.0021,0.9979,0.0,0.0,1428200.0,1,0,0,7.51780821917808,87
606918,Outflow Risk,0.0,0.9979,0.0021,0.9979,0.0,0.0,8559383.96,1,0,0,31.00821918,80
891359,Outflow Risk,0.0,0.9979,0.0021,0.9979,0.0,0.0,1645749.94,1,0,0,17.18630137,81
4566056,Outflow Risk,0.0,0.9978,0.0022,0.9978,0.0,0.0,1238332.29,1,0,0,7.57534246575342,77
281520,Outflow Risk,0.0,0.9978,0.0022,0.9978,0.0,0.0,6758023.06,1,0,0,14.74520548,79
3550976,Outflow Risk,0.0,0.9978,0.0022,0.9978,0.0,0.0,889102.04,1,0,0,12.5616438356164,82
1853426,Outflow Risk,0.0,0.9978,0.0022,0.9978,0.0,0.0,1247148.09,1,0,0,12.93150685,70
1897530,Outflow Risk,0.0,0.9978,0.0022,0.9978,0.0,0.0,1503765.42,1,0,0,14.22739726,82
5928257,Outflow Risk,0.0,0.9978,0.0022,0.9978,0.0,0.0,1962000.0,1,0,0,14.5123287671232,68
1861108,Outflow Risk,0.0,0.9978,0.0022,0.9978,0.0,0.0,506057.19,1,0,0,14.38356164,76
1952481,Outflow Risk,0.0,0.9978,0.0022,0.9978,0.0,0.0,1747197.08,1,0,0,14.07123288,71
6241292,Outflow Risk,0.0,0.9978,0.0022,0.9978,0.0,0.0,1323027.19,1,0,0,30.5643835616438,87
6229176,Outflow Risk,0.0,0.9978,0.0022,0.9978,0.0,0.0,1326466.51,1,0,0,24.2027397260273,76
5988877,Outflow Risk,0.0,0.9978,0.0022,0.9978,0.0,0.0,480000.0,1,0,0,8.47671232876712,76
6060456,Outflow Risk,0.0,0.9978,0.0022,0.9978,0.0,0.0,410000.0,1,0,0,24.0931506849315,72
2245499,Outflow Risk,0.0,0.9978,0.0022,0.9978,0.0,0.0,3126860.07,1,0,0,13.35342466,69
4701431,Outflow Risk,0.0,0.9978,0.0022,0.9978,0.0,0.0,1334000.02,1,0,0,7.47945205479452,69
4340333,Outflow Risk,0.0,0.9977,0.0023,0.9977,0.0,0.0,383925.76,1,0,0,27.7506849315068,73
1390815,Outflow Risk,0.0,0.9977,0.0023,0.9977,0.0,0.0,5045002.56,1,0,0,23.0739726,78
5966182,Outflow Risk,0.0,0.9977,0.0023,0.9977,0.0,0.0,1462678.52,1,0,0,26.0958904109589,89
350108,Outflow Risk,0.0,0.9977,0.0023,0.9977,0.0,0.0,2050000.0,1,0,0,18.4630137,77
5154763,Outflow Risk,0.0,0.9977,0.0023,0.9977,0.0,0.0,664422.54,1,0,0,13.3095890410958,93
4635711,Outflow Risk,0.0,0.9977,0.0023,0.9977,0.0,0.0,339500.0,1,0,0,7.54246575342465,87
3543387,Outflow Risk,0.0,0.9977,0.0023,0.9977,0.0,0.0,3906411.83,1,0,0,30.545205479452,89
6052902,Outflow Risk,0.0,0.9977,0.0023,0.9977,0.0,0.0,1472450.32999999,1,0,0,36.1479452054794,71
1347357,Outflow Risk,0.0,0.9977,0.0023,0.9977,0.0,0.0,1388433.63,1,0,0,14.90684932,69
149746,Outflow Risk,0.0,0.9977,0.0023,0.9977,0.0,0.0,1465058.58,1,0,0,19.7369863,75
3952960,Outflow Risk,0.0,0.9977,0.0023,0.9977,0.0,0.0,1184000.0,1,0,0,19.0027397260273,70
1295476,Outflow Risk,0.0,0.9976,0.0024,0.9976,0.0,0.0,6475588.84,1,0,0,16.53424658,71
3943003,Outflow Risk,0.0,0.9976,0.0024,0.9976,0.0,0.0,553921.11,1,0,0,8.16712328767123,59
11429126,Outflow Risk,0.0,0.9976,0.0024,0.9976,0.0,0.0,1703500.0,1,0,0,6.50136986301369,82
244917,Outflow Risk,0.0,0.9976,0.0024,0.9976,0.0,0.0,333484.34,1,0,0,19.77260274,76
340859,Outflow Risk,0.0,0.9976,0.0024,0.9976,0.0,0.0,634831.62,1,0,0,18.47123288,81
1170997,Outflow Risk,0.0,0.9976,0.0024,0.9976,0.0,0.0,5797875.19,1,0,0,16.89863014,74
1179768,Outflow Risk,0.0,0.9976,0.0024,0.9976,0.0,0.0,615059.99,1,0,0,16.85753425,89
1967512,Outflow Risk,0.0,0.9976,0.0024,0.9976,0.0,0.0,1910000.0,1,0,0,13.42739726,81
14309725,Outflow Risk,0.0,0.9976,0.0024,0.9976,0.0,0.0,1218571.46,1,0,0,5.44383561643835,66
1252163,Outflow Risk,0.0,0.9976,0.0024,0.9976,0.0,0.0,1380959.19,1,0,0,9.383561644,70
3853753,Outflow Risk,0.0,0.9976,0.0024,0.9976,0.0,0.0,226351.229999999,1,0,0,23.1698630136986,80
1699079,Outflow Risk,0.0,0.9976,0.0024,0.9976,0.0,0.0,2527718.09,1,0,0,15.02191781,78
904483,Outflow Risk,0.0,0.9976,0.0024,0.9976,0.0,0.0,248443.5,1,0,0,17.16438356,89
1155566,Outflow Risk,0.0,0.9976,0.0024,0.9976,0.0,0.0,860943.13,1,0,0,16.91506849,80
3737914,Outflow Risk,0.0,0.9976,0.0024,0.9976,0.0,0.0,1698572.13,1,0,0,8.73150684931507,77
1282263,Outflow Risk,0.0,0.9976,0.0024,0.9976,0.0,0.0,2276117.95,1,0,0,16.61369863,70
177945,Outflow Risk,0.0,0.9975,0.0025,0.9975,0.0,0.0,1005833.3,1,0,0,20.70958904,83
4151365,Outflow Risk,0.0,0.9975,0.0025,0.9975,0.0,0.0,4568906.32,1,0,0,24.1808219178082,84
44179,Outflow Risk,0.0,0.9975,0.0025,0.9975,0.0,0.0,1430873.33,1,0,0,42.04383562,92
829683,Outflow Risk,0.0,0.9974,0.0026,0.9974,0.0,0.0,455865.87,1,0,0,17.1890411,100
5953783,Outflow Risk,0.0,0.9974,0.0026,0.9974,0.0,0.0,418300.8,1,0,0,28.4630136986301,73
3681138,Outflow Risk,0.0,0.9974,0.0026,0.9974,0.0,0.0,2259460.53,1,0,0,8.93424657534246,65
1625047,Outflow Risk,0.0,0.9974,0.0026,0.9974,0.0,0.0,625771.52,1,0,0,14.37808219,79
5409531,Outflow Risk,0.0,0.9974,0.0026,0.9974,0.0,0.0,941904.63,1,0,0,28.0547945205479,85
1634476,Outflow Risk,0.0,0.9974,0.0026,0.9974,0.0,0.0,1488714.84,1,0,0,31.46849315,90
21992848,Outflow Risk,0.0,0.9974,0.0026,0.9974,0.0,0.0,279413.68,1,0,0,3.43561643835616,73
6135349,Outflow Risk,0.0,0.9974,0.0026,0.9974,0.0,0.0,273171.77,1,0,0,27.7479452054794,77
12250825,Outflow Risk,0.0,0.9974,0.0026,0.9974,0.0,0.0,1807926.8,1,0,0,6.07397260273972,66
892034,Outflow Risk,0.0,0.9973,0.0027,0.9973,0.0,0.0,531250.0,1,0,0,17.17808219,82
18070092,Outflow Risk,0.0,0.9973,0.0027,0.9973,0.0,0.0,317177.45,1,0,0,4.37260273972602,75
5376167,Outflow Risk,0.0,0.9973,0.0027,0.9973,0.0,0.0,662433.45,1,0,0,31.8027397260273,74
22765227,Outflow Risk,0.0,0.9973,0.0027,0.9973,0.0,0.0,2202288.8,1,0,0,3.22465753424657,69
1240817,Outflow Risk,0.0,0.9973,0.0027,0.9973,0.0,0.0,1700783.14,1,0,0,16.77808219,61
341369,Outflow Risk,0.0,0.9973,0.0027,0.9973,0.0,0.0,295549.75,1,0,0,18.4630137,78
2999814,Outflow Risk,0.0,0.9972,0.0028,0.9972,0.0,0.0,1588273.0,1,0,0,27.76712329,73
309894,Outflow Risk,0.0,0.9972,0.0028,0.9972,0.0,0.0,353157.23,1,0,0,22.9890411,90
1574779,Outflow Risk,0.0,0.9972,0.0028,0.9972,0.0,0.0,428572.0,1,0,0,15.37534247,87
1045873,Outflow Risk,0.0,0.9972,0.0028,0.9972,0.0,0.0,3185313.68,1,0,0,16.79726027,74
1766040,Outflow Risk,0.0,0.9972,0.0028,0.9972,0.0,0.0,1495416.5,1,0,0,6.638356164,64
324777,Outflow Risk,0.0,0.9972,0.0028,0.9972,0.0,0.0,333151.83,1,0,0,8.610958904,74
1861410,Outflow Risk,0.0,0.9971,0.0029,0.9971,0.0,0.0,934243.6,1,0,0,14.38356164,68
5662295,Outflow Risk,0.0,0.9971,0.0029,0.9971,0.0,0.0,970000.0,1,0,0,7.32602739726027,68
671993,Outflow Risk,0.0,0.9971,0.0029,0.9971,0.0,0.0,1090659.99,1,0,0,17.97260274,74
6238935,Outflow Risk,0.0,0.9971,0.0029,0.9971,0.0,0.0,1869842.76,1,0,0,25.1479452054794,88
4201301,Outflow Risk,0.0,0.9971,0.0029,0.9971,0.0,0.0,4030280.0,1,0,0,18.6630136986301,69
2513735,Outflow Risk,0.0,0.9971,0.0029,0.9971,0.0,0.0,242851.52,1,0,0,23.0739726,81
5796383,Outflow Risk,0.0,0.9971,0.0029,0.9971,0.0,0.0,726567.72,1,0,0,12.5205479452054,74
6073886,Outflow Risk,0.0,0.9971,0.0029,0.9971,0.0,0.0,292645.529999999,1,0,0,37.186301369863,74
2286202,Outflow Risk,0.0,0.997,0.003,0.997,0.0,0.0,912000.0,1,0,0,7.443835616,78
662828,Outflow Risk,0.0,0.997,0.003,0.997,0.0,0.0,370000.0,1,0,0,19.70136986,67
2258130,Outflow Risk,0.0,0.997,0.003,0.997,0.0,0.0,981182.3,1,0,0,10.21917808,86
1605328,Outflow Risk,0.0,0.9969,0.0031,0.9969,0.0,0.0,9938000.0,1,0,0,15.43835616,81
156582,Outflow Risk,0.0,0.9969,0.0031,0.9969,0.0,0.0,602384.51,1,0,0,25.06575342,85
1465906,Outflow Risk,0.0,0.9969,0.0031,0.9969,0.0,0.0,892316.05,1,0,0,15.05479452,71
4372880,Outflow Risk,0.0,0.9969,0.0031,0.9969,0.0,0.0,786948.99,1,0,0,30.6246575342465,87
2525156,Outflow Risk,0.0,0.9969,0.0031,0.9969,0.0,0.0,367000.0,1,0,0,21.76712329,74
5551452,Outflow Risk,0.0,0.9969,0.0031,0.9969,0.0,0.0,486028.32,1,0,0,28.5753424657534,85
1654920,Outflow Risk,0.0,0.9968,0.0032,0.9968,0.0,0.0,1293557.88,1,0,0,15.24383562,80
3274487,Outflow Risk,0.0,0.9968,0.0032,0.9968,0.0,0.0,1659168.04,1,0,0,10.13972603,63
3282557,Outflow Risk,0.0,0.9968,0.0032,0.9968,0.0,0.0,2508750.0,1,0,0,27.8630137,68
5793173,Outflow Risk,0.0,0.9968,0.0032,0.9968,0.0,0.0,571562.53,1,0,0,37.3150684931506,83
13130132,Outflow Risk,0.0,0.9967,0.0033,0.9967,0.0,0.0,1311447.24,1,0,0,5.76712328767123,66
5811861,Outflow Risk,0.0,0.9967,0.0033,0.9967,0.0,0.0,4388387.21,1,0,0,43.0876712328767,85
149774,Outflow Risk,0.0,0.9967,0.0033,0.9967,0.0,0.0,1772541.93,1,0,0,26.24109589,61
6100606,Outflow Risk,0.0,0.9967,0.0033,0.9967,0.0,0.0,1121892.19,1,0,0,18.6082191780821,63
1200875,Outflow Risk,0.0,0.9966,0.0034,0.9966,0.0,0.0,11043597.48,1,0,0,41.88219178,70
1186211,Outflow Risk,0.0,0.9966,0.0034,0.9966,0.0,0.0,1756540.54,1,0,0,26.88493151,79
13259611,Outflow Risk,0.0,0.9966,0.0034,0.9966,0.0,0.0,775963.63,1,0,0,5.68219178082191,59
6018252,Outflow Risk,0.0,0.9965,0.0035,0.9965,0.0,0.0,1366250.0,1,0,0,21.0356164383561,73
22589666,Outflow Risk,0.0,0.9965,0.0035,0.9965,0.0,0.0,1322297.31,1,0,0,3.32328767123287,70
2348354,Outflow Risk,0.0,0.9965,0.0035,0.9965,0.0,0.0,3052600.0,1,0,0,25.14520548,80
5860732,Outflow Risk,0.0,0.9965,0.0035,0.9965,0.0,0.0,1590666.60999999,1,0,0,6.86027397260274,62
6135520,Outflow Risk,0.0,0.9965,0.0035,0.9965,0.0,0.0,4778203.13,1,0,0,23.4958904109589,72
864484,Outflow Risk,0.0,0.9964,0.0036,0.9964,0.0,0.0,600909.7,1,0,0,17.26027397,72
6066561,Outflow Risk,0.0,0.9964,0.0036,0.9964,0.0,0.0,2221015.6,1,0,0,24.158904109589,76
2779248,Outflow Risk,0.0,0.9964,0.0036,0.9964,0.0,0.0,500886.97,1,0,0,29.51780822,90
5665477,Outflow Risk,0.0,0.9964,0.0036,0.9964,0.0,0.0,1901515.17,1,0,0,7.31232876712328,71
2237,Outflow Risk,0.0,0.9964,0.0036,0.9964,0.0,0.0,1593500.14,1,0,0,19.15342466,64
3446576,Outflow Risk,0.0,0.9963,0.0037,0.9963,0.0,0.0,369608.709999999,1,0,0,8.87671232876712,75
14736115,Outflow Risk,0.0,0.9963,0.0037,0.9963,0.0,0.0,1565000.0,1,0,0,5.32876712328767,61
6082756,Outflow Risk,0.0,0.9963,0.0037,0.9963,0.0,0.0,1340958.14,1,0,0,28.6109589041095,85
15317248,Outflow Risk,0.0,0.9963,0.0037,0.9963,0.0,0.0,269912.709999999,1,0,0,5.16164383561643,75
217863,Outflow Risk,0.0,0.9963,0.0037,0.9963,0.0,0.0,2068657.36,1,0,0,23.74520548,73
14206625,Outflow Risk,0.0,0.9963,0.0037,0.9963,0.0,0.0,5679268.0,1,0,0,5.50136986301369,89
3316116,Outflow Risk,0.0,0.9963,0.0037,0.9963,0.0,0.0,854872.2,1,0,0,9.05753424657534,91
4095922,Outflow Risk,0.0,0.9963,0.0037,0.9963,0.0,0.0,2385625.0,1,0,0,8.28219178082191,70
5738532,Outflow Risk,0.0,0.9962,0.0038,0.9962,0.0,0.0,2271709.9,1,0,0,39.9917808219178,74
1194960,Outflow Risk,0.0,0.9962,0.0038,0.9962,0.0,0.0,380000.0,1,0,0,16.63287671,73
4027814,Outflow Risk,0.0,0.9962,0.0038,0.9962,0.0,0.0,250000.0,1,0,0,8.34246575342465,60
3507051,Outflow Risk,0.0,0.9961,0.0039,0.9961,0.0,0.0,1320000.0,1,0,0,9.41643835616438,75
66810,Outflow Risk,0.0,0.9961,0.0039,0.9961,0.0,0.0,1454943.23,1,0,0,26.69041096,62
11453571,Outflow Risk,0.0,0.9961,0.0039,0.9961,0.0,0.0,539421.55,1,0,0,18.6821917808219,87
21990616,Outflow Risk,0.0,0.9961,0.0039,0.9961,0.0,0.0,2161227.96,1,0,0,3.44109589041095,66
5980689,Outflow Risk,0.0,0.996,0.004,0.996,0.0,0.0,342356.82,1,0,0,32.9424657534246,84
21871019,Outflow Risk,0.0,0.996,0.004,0.996,0.0,0.0,313731.05,1,0,0,3.26301369863013,76
20146999,Outflow Risk,0.0,0.9959,0.0041,0.9959,0.0,0.0,2698764.0,1,0,0,3.60821917808219,70
1117784,Outflow Risk,0.0,0.9959,0.0041,0.9959,0.0,0.0,1995017.28,1,0,0,16.90136986,91
54806,Outflow Risk,0.0,0.9959,0.0041,0.9959,0.0,0.0,396000.0,1,0,0,16.09041096,74
1849292,Outflow Risk,0.0,0.9959,0.0041,0.9959,0.0,0.0,1554402.36,1,0,0,14.38630137,71
21990239,Outflow Risk,0.0,0.9958,0.0042,0.9958,0.0,0.0,533887.24,1,0,0,3.44383561643835,87
6330883,Outflow Risk,0.0,0.9958,0.0042,0.9958,0.0,0.0,816660.0,1,0,0,27.5068493150684,73
4472394,Outflow Risk,0.0,0.9958,0.0042,0.9958,0.0,0.0,1392450.0,1,0,0,18.9506849315068,83
3364707,Outflow Risk,0.0,0.9958,0.0042,0.9958,0.0,0.0,1592058.91,1,0,0,9.86301369863013,64
351218,Outflow Risk,0.0,0.9957,0.0043,0.9957,0.0,0.0,835716.7,1,0,0,18.45205479,92
5425501,Outflow Risk,0.0,0.9957,0.0043,0.9957,0.0,0.0,656502.17,1,0,0,27.572602739726,86
1736352,Outflow Risk,0.0,0.9956,0.0044,0.9956,0.0,0.0,3105280.94,1,0,0,42.63835616,89
761216,Outflow Risk,0.0,0.9956,0.0044,0.9956,0.0,0.0,1240853.26,1,0,0,17.71506849,76
5695409,Outflow Risk,0.0,0.9956,0.0044,0.9956,0.0,0.0,2217000.5,1,0,0,7.23561643835616,69
340455,Outflow Risk,0.0,0.9955,0.0045,0.9955,0.0,0.0,5812739.37,1,0,0,18.45205479,63
5869085,Outflow Risk,0.0,0.9955,0.0045,0.9955,0.0,0.0,2463829.91,1,0,0,6.73150684931506,93
17803020,Outflow Risk,0.0,0.9955,0.0045,0.9955,0.0,0.0,2552345.42,1,0,0,4.3945205479452,64
5206869,Outflow Risk,0.0,0.9955,0.0045,0.9955,0.0,0.0,878571.5,1,0,0,21.8301369863013,63
3526539,Outflow Risk,0.0,0.9954,0.0046,0.9954,0.0,0.0,2659392.2,1,0,0,9.34520547945205,68
110788,Outflow Risk,0.0,0.9954,0.0046,0.9954,0.0,0.0,969649.09,1,0,0,38.47671233,78
21996783,Outflow Risk,0.0,0.9953,0.0047,0.9953,0.0,0.0,2805333.36,1,0,0,3.43287671232876,77
11453540,Outflow Risk,0.0,0.9953,0.0047,0.9953,0.0,0.0,9921000.87,1,0,0,12.1808219178082,72
3236451,Outflow Risk,0.0,0.9952,0.0048,0.9952,0.0,0.0,1450665.06,1,0,0,10.26575342,64
2344852,Outflow Risk,0.0,0.9952,0.0048,0.9952,0.0,0.0,816790.35,1,0,0,28.2109589,61
14223021,Outflow Risk,0.0,0.9952,0.0048,0.9952,0.0,0.0,468846.49,1,0,0,5.48219178082191,69
2089164,Outflow Risk,0.0,0.9951,0.0049,0.9951,0.0,0.0,845000.0,1,0,0,18.71506849,78
3713883,Outflow Risk,0.0,0.995,0.005,0.995,0.0,0.0,587373.56,1,0,0,8.83561643835616,88
6035669,Outflow Risk,0.0,0.9948,0.0052,0.9948,0.0,0.0,3273668.55,1,0,0,10.2821917808219,68
4366987,Outflow Risk,0.0,0.9948,0.0052,0.9948,0.0,0.0,684107.03,1,0,0,7.81095890410958,79
5300602,Outflow Risk,0.0,0.9947,0.0053,0.9947,0.0,0.0,2862870.29,1,0,0,14.4630136986301,66
1194126,Outflow Risk,0.0,0.9947,0.0053,0.9947,0.0,0.0,1315005.28,1,0,0,16.87945205,69
1909973,Outflow Risk,0.0,0.9947,0.0053,0.9947,0.0,0.0,1022856.8,1,0,0,14.05479452,79
10933,Outflow Risk,0.0,0.9947,0.0053,0.9947,0.0,0.0,370611.16,1,0,0,21.03835616,77
1714305,Outflow Risk,0.0,0.9946,0.0054,0.9946,0.0,0.0,1917158.91,1,0,0,14.94520548,61
1861318,Outflow Risk,0.0,0.9946,0.0054,0.9946,0.0,0.0,1731013.21,1,0,0,14.38356164,81
16328151,Outflow Risk,0.0,0.9946,0.0054,0.9946,0.0,0.0,228571.44,1,0,0,4.8931506849315,49
2030306,Outflow Risk,0.0,0.9945,0.0055,0.9945,0.0,0.0,530000.0,1,0,0,15.49863014,74
767268,Outflow Risk,0.0,0.9945,0.0055,0.9945,0.0,0.0,950355.28,1,0,0,17.66027397,33
19545039,Outflow Risk,0.0,0.9945,0.0055,0.9945,0.0,0.0,999147.71,1,0,0,3.83835616438356,75
3114489,Outflow Risk,0.0,0.9945,0.0055,0.9945,0.0,0.0,1558000.0,1,0,0,25.42465753,69
5555213,Outflow Risk,0.0,0.9945,0.0055,0.9945,0.0,0.0,1033294.48,1,0,0,7.4,78
864502,Outflow Risk,0.0,0.9944,0.0056,0.9944,0.0,0.0,1066434.99,1,0,0,15.07945205,69
5791177,Outflow Risk,0.0,0.9944,0.0056,0.9944,0.0,0.0,341490.53,1,0,0,36.4821917808219,66
4073812,Outflow Risk,0.0,0.9944,0.0056,0.9944,0.0,0.0,2894793.7,1,0,0,8.35616438356164,89
1385665,Outflow Risk,0.0,0.9943,0.0057,0.9943,0.0,0.0,227106.0,1,0,0,16.39726027,67
1565392,Outflow Risk,0.0,0.9943,0.0057,0.9943,0.0,0.0,4682882.5,1,0,0,32.54794521,70
3004202,Outflow Risk,0.0,0.9943,0.0057,0.9943,0.0,0.0,675600.0,1,0,0,41.07671233,73
24688617,Outflow Risk,0.0,0.9943,0.0057,0.9943,0.0,0.0,245165.99,1,0,0,2.67945205479452,31
3858467,Outflow Risk,0.0,0.9942,0.0058,0.9942,0.0,0.0,365381.41,1,0,0,8.45753424657534,75
14651949,Outflow Risk,0.0,0.9942,0.0058,0.9942,0.0,0.0,925000.0,1,0,0,45.3945205479452,77
1447727,Outflow Risk,0.0,0.9941,0.0059,0.9941,0.0,0.0,2723400.0,1,0,0,19.78356164,79
17803448,Outflow Risk,0.0,0.9941,0.0059,0.9941,0.0,0.0,5281516.92,1,0,0,4.38904109589041,66
1727657,Outflow Risk,0.0,0.9941,0.0059,0.9941,0.0,0.0,478826.36,1,0,0,14.86027397,94
283793,Outflow Risk,0.0,0.9941,0.0059,0.9941,0.0,0.0,244576.66,1,0,0,33.3260274,68
1609711,Outflow Risk,0.0,0.9941,0.0059,0.9941,0.0,0.0,4987917.51,1,0,0,15.39452055,86
29874923,Outflow Risk,0.0,0.994,0.006,0.994,0.0,0.0,315086.78,1,0,0,1.37534246575342,79
22211022,Outflow Risk,0.0,0.994,0.006,0.994,0.0,0.0,600000.0,1,0,0,3.33972602739726,69
2425840,Outflow Risk,0.0,0.9939,0.0061,0.9939,0.0,0.0,1080737.0,1,0,0,9.824657534,64
111037,Outflow Risk,0.0,0.9938,0.0062,0.9938,0.0,0.0,527003.53,1,0,0,7.939726027,64
1140982,Outflow Risk,0.0,0.9938,0.0062,0.9938,0.0,0.0,539211.04,1,0,0,16.95342466,75
16026147,Outflow Risk,0.0,0.9937,0.0063,0.9937,0.0,0.0,360655.74,1,0,0,4.98904109589041,56
4943823,Outflow Risk,0.0,0.9936,0.0064,0.9936,0.0,0.0,124449.86,1,0,0,24.1260273972602,55
3643757,Outflow Risk,0.0,0.9936,0.0064,0.9936,0.0,0.0,234624.53,1,0,0,26.8849315068493,81
3004226,Outflow Risk,0.0,0.9936,0.0064,0.9936,0.0,0.0,1510295.25,1,0,0,44.1890411,85
12725160,Outflow Risk,0.0,0.9935,0.0065,0.9935,0.0,0.0,389000.0,1,0,0,5.84657534246575,62
276920,Outflow Risk,0.0,0.9935,0.0065,0.9935,0.0,0.0,790566.25,1,0,0,13.13424658,63
817206,Outflow Risk,0.0,0.9934,0.0066,0.9934,0.0,0.0,571428.56,1,0,0,17.43287671,74
19014014,Outflow Risk,0.0,0.9934,0.0066,0.9934,0.0,0.0,1463973.8,1,0,0,3.97534246575342,85
19020876,Outflow Risk,0.0,0.9933,0.0067,0.9933,0.0,0.0,790500.72,1,0,0,4.05205479452054,63
179477,Outflow Risk,0.0,0.9933,0.0067,0.9933,0.0,0.0,1577859.4,1,0,0,40.58356164,63
108659,Outflow Risk,0.0,0.9932,0.0068,0.9932,0.0,0.0,377090.3,1,0,0,31.01369863,58
184709,Outflow Risk,0.0,0.9932,0.0068,0.9932,0.0,0.0,329123.49,1,0,0,41.1890411,83
23070580,Outflow Risk,0.0,0.9932,0.0068,0.9932,0.0,0.0,346949.6,1,0,0,3.02739726027397,57
3530284,Outflow Risk,0.0,0.9931,0.0069,0.9931,0.0,0.0,2907836.0,1,0,0,9.3945205479452,84
3144638,Outflow Risk,0.0,0.9931,0.0069,0.9931,0.0,0.0,2017509.94,1,0,0,10.56164384,74
22768769,Outflow Risk,0.0,0.9931,0.0069,0.9931,0.0,0.0,1467313.92,1,0,0,3.2,82
186274,Outflow Risk,0.0,0.9931,0.0069,0.9931,0.0,0.0,272621.23,1,0,0,25.14520548,73
1385023,Outflow Risk,0.0,0.993,0.007,0.993,0.0,0.0,926285.83,1,0,0,16.4,66
15870281,Outflow Risk,0.0,0.993,0.007,0.993,0.0,0.0,598507.47,1,0,0,5.05753424657534,65
408605,Outflow Risk,0.0,0.993,0.007,0.993,0.0,0.0,638293.35,1,0,0,8.663013699,54
16973992,Outflow Risk,0.0,0.993,0.007,0.993,0.0,0.0,2346000.0,1,0,0,4.64383561643835,66
3618423,Outflow Risk,0.0,0.9928,0.0072,0.9928,0.0,0.0,1067478.57,1,0,0,7.0,59
4650655,Outflow Risk,0.0,0.9928,0.0072,0.9928,0.0,0.0,196000.0,1,0,0,7.52328767123287,74
566272,Outflow Risk,0.0,0.9928,0.0072,0.9928,0.0,0.0,416602.28,1,0,0,19.73424658,75
707799,Outflow Risk,0.0,0.9928,0.0072,0.9928,0.0,0.0,308644.89,1,0,0,1.747945205,85
27418068,Outflow Risk,0.0,0.9926,0.0074,0.9926,0.0,0.0,952200.0,1,0,0,1.96986301369863,78
1159969,Outflow Risk,0.0,0.9926,0.0074,0.9926,0.0,0.0,1348606.03,1,0,0,16.89589041,81
3034367,Outflow Risk,0.0,0.9926,0.0074,0.9926,0.0,0.0,526710.66,1,0,0,10.82191781,82
1163329,Outflow Risk,0.0,0.9926,0.0074,0.9926,0.0,0.0,224278.17,1,0,0,16.83835616,78
4755251,Outflow Risk,0.0,0.9925,0.0075,0.9925,0.0,0.0,618771.9,1,0,0,31.5890410958904,79
6065255,Outflow Risk,0.0,0.9925,0.0075,0.9925,0.0,0.0,3742553.3,1,0,0,31.3205479452054,66
1140149,Outflow Risk,0.0,0.9925,0.0075,0.9925,0.0,0.0,336175.31,1,0,0,16.95342466,78
314545,Outflow Risk,0.0,0.9923,0.0077,0.9923,0.0,0.0,1672621.69,1,0,0,29.02191781,74
345753,Outflow Risk,0.0,0.9922,0.0078,0.9922,0.0,0.0,750599.52,1,0,0,18.41643836,74
3688325,Outflow Risk,0.0,0.9922,0.0078,0.9922,0.0,0.0,456716.93,1,0,0,8.87945205479452,64
840730,Outflow Risk,0.0,0.9921,0.0079,0.9921,0.0,0.0,1267595.9,1,0,0,17.4109589,77
6421586,Outflow Risk,0.0,0.9921,0.0079,0.9921,0.0,0.0,435242.5,1,0,0,6.63287671232876,65
21969491,Outflow Risk,0.0,0.9921,0.0079,0.9921,0.0,0.0,2396155.42999999,1,0,0,3.44657534246575,79
12232406,Outflow Risk,0.0,0.9921,0.0079,0.9921,0.0,0.0,338455.01,1,0,0,6.0931506849315,31
21966644,Outflow Risk,0.0,0.992,0.008,0.992,0.0,0.0,443000.0,1,0,0,3.44657534246575,75
1767572,Outflow Risk,0.0,0.992,0.008,0.992,0.0,0.0,3598163.7,1,0,0,14.70684932,96
3018537,Outflow Risk,0.0,0.992,0.008,0.992,0.0,0.0,305104.15,1,0,0,8.668493151,69
18050714,Outflow Risk,0.0,0.9919,0.0081,0.9919,0.0,0.0,238374.46,1,0,0,4.38630136986301,81
850369,Outflow Risk,0.0,0.9918,0.0082,0.9918,0.0,0.0,710913.81,1,0,0,36.93424658,69
22301787,Outflow Risk,0.0,0.9918,0.0082,0.9918,0.0,0.0,405719.98,1,0,0,3.3917808219178,79
176274,Outflow Risk,0.0,0.9917,0.0083,0.9917,0.0,0.0,495000.0,1,0,0,39.48219178,81
3245842,Outflow Risk,0.0,0.9916,0.0084,0.9916,0.0,0.0,1342963.16,1,0,0,9.682191781,69
19034116,Outflow Risk,0.0,0.9915,0.0085,0.9915,0.0,0.0,921000.0,1,0,0,3.98356164383561,65
22936856,Outflow Risk,0.0,0.9915,0.0085,0.9915,0.0,0.0,244520.02,1,0,0,3.05479452054794,79
2074580,Outflow Risk,0.0,0.9915,0.0085,0.9915,0.0,0.0,242994.98,1,0,0,13.78630137,73
5585972,Outflow Risk,0.0,0.9915,0.0085,0.9915,0.0,0.0,758000.0,1,0,0,31.6794520547945,69
3177435,Outflow Risk,0.0,0.9914,0.0086,0.9914,0.0,0.0,10202000.1,1,0,0,10.44657534,60
5658993,Outflow Risk,0.0,0.9914,0.0086,0.9914,0.0,0.0,364000.0,1,0,0,7.30958904109589,45
2758792,Outflow Risk,0.0,0.9913,0.0087,0.9913,0.0,0.0,752763.98,1,0,0,40.37260274,75
1111238,Outflow Risk,0.0,0.9913,0.0087,0.9913,0.0,0.0,263823.54,1,0,0,16.95890411,66
157244,Outflow Risk,0.0,0.9909,0.0091,0.9909,0.0,0.0,259663.44,1,0,0,42.99726027,86
3662340,Outflow Risk,0.0,0.9908,0.0092,0.9908,0.0,0.0,4042535.21,1,0,0,8.86301369863013,68
18517369,Outflow Risk,0.0,0.9907,0.0093,0.9907,0.0,0.0,2592238.59,1,0,0,4.2931506849315,73
4656080,Outflow Risk,0.0,0.9906,0.0094,0.9906,0.0,0.0,1908178.85,1,0,0,7.50410958904109,73
21871721,Outflow Risk,0.0,0.9905,0.0095,0.9905,0.0,0.0,1847575.06,1,0,0,3.45205479452054,67
3231490,Outflow Risk,0.0,0.9905,0.0095,0.9905,0.0,0.0,221875.0,1,0,0,10.31232877,69
1886542,Outflow Risk,0.0,0.9904,0.0096,0.9904,0.0,0.0,3684225.16,1,0,0,14.22739726,66
5793832,Outflow Risk,0.0,0.9903,0.0097,0.9903,0.0,0.0,213640.53,1,0,0,23.3616438356164,88
6075018,Outflow Risk,0.0,0.9903,0.0097,0.9903,0.0,0.0,118209.73,1,0,0,27.1232876712328,71
1111220,Outflow Risk,0.0,0.9903,0.0097,0.9903,0.0,0.0,286764.71,1,0,0,16.95890411,66
330902,Outflow Risk,0.0,0.9903,0.0097,0.9903,0.0,0.0,2222692.08,1,0,0,12.89315068,75
6251239,Outflow Risk,0.0,0.9903,0.0097,0.9903,0.0,0.0,404074.8,1,0,0,1.37808219178082,78
6245989,Outflow Risk,0.0,0.99,0.01,0.99,0.0,0.0,250000.0,1,0,0,41.2,66
14728735,Outflow Risk,0.0,0.9899,0.0101,0.9899,0.0,0.0,400000.0,1,0,0,41.731506849315,71
19033760,Outflow Risk,0.0,0.9898,0.0102,0.9898,0.0,0.0,1191745.0,1,0,0,3.98630136986301,61
862119,Outflow Risk,0.0,0.9898,0.0102,0.9898,0.0,0.0,2719066.94,1,0,0,27.02191781,92
6015291,Outflow Risk,0.0001,0.9897,0.0103,0.9898,0.0,0.0,1098058.04,1,0,0,19.7698630136986,82
3078514,Outflow Risk,0.0,0.9898,0.0102,0.9898,0.0,0.0,328258.51,1,0,0,35.89863014,92
3513446,Outflow Risk,0.0,0.9897,0.0103,0.9897,0.0,0.0,1608979.08,1,0,0,7.98356164383561,44
21944474,Outflow Risk,0.0,0.9896,0.0104,0.9896,0.0,0.0,784889.9,1,0,0,3.43287671232876,91
4576960,Outflow Risk,0.0,0.9896,0.0104,0.9896,0.0,0.0,234062.31,1,0,0,18.9616438356164,76
24498,Outflow Risk,0.0,0.9896,0.0104,0.9896,0.0,0.0,325827.96,1,0,0,3.794520548,84
287514,Outflow Risk,0.0,0.9895,0.0105,0.9895,0.0,0.0,212768.93,1,0,0,10.89315068,70
6250910,Outflow Risk,0.0,0.9894,0.0106,0.9894,0.0,0.0,540000.0,1,0,0,24.772602739726,79
3159263,Outflow Risk,0.0,0.9894,0.0106,0.9894,0.0,0.0,2984797.94,1,0,0,10.50684932,70
2334378,Outflow Risk,0.0001,0.9892,0.0107,0.9893,0.0,0.0,1173786.76,1,0,0,23.99178082,67
5626010,Outflow Risk,0.0,0.9893,0.0107,0.9893,0.0,0.0,283061.6,1,0,0,7.38630136986301,68
14095880,Outflow Risk,0.0,0.9893,0.0107,0.9893,0.0,0.0,1688750.65,1,0,0,17.2027397260273,87
1200082,Outflow Risk,0.0,0.9892,0.0108,0.9892,0.0,0.0,1624000.0,1,0,0,27.74520548,83
871904,Outflow Risk,0.0,0.9891,0.0109,0.9891,0.0,0.0,1902097.48,1,0,0,17.17808219,66
1915005,Outflow Risk,0.0,0.9891,0.0109,0.9891,0.0,0.0,325000.0,1,0,0,14.15616438,72
4930106,Outflow Risk,0.0,0.9891,0.0109,0.9891,0.0,0.0,628090.63,1,0,0,31.0136986301369,75
3720406,Outflow Risk,0.0,0.9887,0.0113,0.9887,0.0,0.0,624632.44,1,0,0,8.84109589041095,70
1960115,Outflow Risk,0.0,0.9886,0.0114,0.9886,0.0,0.0,1767385.94,1,0,0,10.81369863,71
5966289,Outflow Risk,0.0001,0.9884,0.0115,0.9885,0.0,0.0,997200.0,1,0,0,26.1835616438356,62
1200897,Outflow Risk,0.0,0.9885,0.0115,0.9885,0.0,0.0,716594.47,1,0,0,16.85205479,69
352560,Outflow Risk,0.0,0.9885,0.0115,0.9885,0.0,0.0,278359.01,1,0,0,18.45205479,73
5670733,Outflow Risk,0.0,0.9885,0.0115,0.9885,0.0,0.0,557994.68,1,0,0,7.30958904109589,75
444549,Outflow Risk,0.0,0.9884,0.0116,0.9884,0.0,0.0,148122.42,1,0,0,41.30684932,83
27861690,Outflow Risk,0.0,0.9884,0.0116,0.9884,0.0,0.0,2746625.86,1,0,0,1.78082191780821,57
4701275,Outflow Risk,0.0,0.9884,0.0116,0.9884,0.0,0.0,956501.17,1,0,0,7.48219178082191,68
12296397,Outflow Risk,0.0,0.9882,0.0118,0.9882,0.0,0.0,2013000.0,1,0,0,19.786301369863,72
18532,Outflow Risk,0.0,0.9881,0.0119,0.9881,0.0,0.0,391600.44,1,0,0,41.26575342,82
2578025,Outflow Risk,0.0,0.988,0.012,0.988,0.0,0.0,3958912.95,1,0,0,10.5890411,49
27371879,Outflow Risk,0.0,0.988,0.012,0.988,0.0,0.0,1049616.62,1,0,0,2.03287671232876,61
21854731,Outflow Risk,0.0,0.9879,0.0121,0.9879,0.0,0.0,569350.03,1,0,0,3.43835616438356,62
4569419,Outflow Risk,0.0,0.9879,0.0121,0.9879,0.0,0.0,430977.18,1,0,0,22.8082191780821,70
1690743,Outflow Risk,0.0,0.9878,0.0122,0.9878,0.0,0.0,264457.48,1,0,0,20.86027397,79
29310232,Outflow Risk,0.0,0.9878,0.0122,0.9878,0.0,0.0,888333.06,1,0,0,1.37808219178082,58
903830,Outflow Risk,0.0001,0.9876,0.0123,0.9877,0.0,0.0,1090625.0,1,0,0,17.18082192,64
26820844,Outflow Risk,0.0,0.9876,0.0124,0.9876,0.0,0.0,610250.0,1,0,0,2.28493150684931,61
18694140,Outflow Risk,0.0,0.9875,0.0125,0.9875,0.0,0.0,281322.0,1,0,0,3.01095890410958,77
23032644,Outflow Risk,0.0,0.9875,0.0124,0.9875,0.0,0.0,184868.5,1,0,0,3.03561643835616,67
2656343,Outflow Risk,0.0,0.9872,0.0128,0.9872,0.0,0.0,1710097.55,1,0,0,12.09589041,71
23119051,Outflow Risk,0.0,0.9871,0.0129,0.9871,0.0,0.0,6047332.7,1,0,0,2.98630136986301,68
5670521,Outflow Risk,0.0,0.9868,0.0132,0.9868,0.0,0.0,321875.0,1,0,0,7.30958904109589,68
203192,Outflow Risk,0.0,0.9868,0.0132,0.9868,0.0,0.0,765388.52,1,0,0,3.967123288,78
5979690,Outflow Risk,0.0,0.9867,0.0133,0.9867,0.0,0.0,1243866.35,1,0,0,4.42739726027397,88
3136798,Outflow Risk,0.0,0.9866,0.0134,0.9866,0.0,0.0,642097.39,1,0,0,9.901369863,96
351396,Outflow Risk,0.0,0.9865,0.0135,0.9865,0.0,0.0,485000.0,1,0,0,18.50136986,89
1146064,Outflow Risk,0.0,0.9863,0.0137,0.9863,0.0,0.0,2055000.0,1,0,0,16.92054795,84
28773081,Outflow Risk,0.0,0.9861,0.0139,0.9861,0.0,0.0,385000.01,1,0,0,1.45479452054794,66
6204845,Outflow Risk,0.0,0.9861,0.0139,0.9861,0.0,0.0,901137.33,1,0,0,25.8082191780821,85
3791038,Outflow Risk,0.0,0.9859,0.0141,0.9859,0.0,0.0,1402700.0,1,0,0,19.7671232876712,76
32214682,Outflow Risk,0.0,0.9858,0.0142,0.9858,0.0,0.0,223333.33,1,0,0,9.31780821917808,74
204265,Outflow Risk,0.0,0.9854,0.0146,0.9854,0.0,0.0,1972857.2,1,0,0,24.05205479,67
25642,Outflow Risk,0.0,0.9851,0.0149,0.9851,0.0,0.0,1355009.47,1,0,0,22.19452055,70
115905,Outflow Risk,0.0,0.9851,0.0149,0.9851,0.0,0.0,573902.94,1,0,0,16.06849315,70
18948649,Outflow Risk,0.0,0.985,0.015,0.985,0.0,0.0,1279500.0,1,0,0,4.06849315068493,57
15893946,Outflow Risk,0.0,0.985,0.015,0.985,0.0,0.0,2970258.03,1,0,0,5.02739726027397,64
22308313,Outflow Risk,0.0,0.985,0.015,0.985,0.0,0.0,1530000.0,1,0,0,3.37808219178082,79
23277425,Outflow Risk,0.0,0.9846,0.0154,0.9846,0.0,0.0,2210914.0,1,0,0,2.96712328767123,90
3626387,Outflow Risk,0.0,0.9846,0.0154,0.9846,0.0,0.0,411840.48,1,0,0,8.47397260273972,75
25437107,Outflow Risk,0.0,0.9845,0.0155,0.9845,0.0,0.0,2440595.04,1,0,0,2.46027397260273,71
25284412,Outflow Risk,0.0,0.9844,0.0156,0.9844,0.0,0.0,870200.0,1,0,0,2.53150684931506,67
1971862,Outflow Risk,0.0,0.9844,0.0156,0.9844,0.0,0.0,234000.0,1,0,0,11.94794521,95
910439,Outflow Risk,0.0,0.9843,0.0157,0.9843,0.0,0.0,364000.0,1,0,0,32.23561644,73
5988461,Outflow Risk,0.0,0.9842,0.0158,0.9842,0.0,0.0,628552.87,1,0,0,35.9945205479452,86
3046959,Outflow Risk,0.0,0.9842,0.0158,0.9842,0.0,0.0,269000.0,1,0,0,10.54246575,53
21990892,Outflow Risk,0.0,0.9841,0.0159,0.9841,0.0,0.0,251302.64,1,0,0,3.43835616438356,74
23631770,Outflow Risk,0.0,0.984,0.016,0.984,0.0,0.0,1512500.0,1,0,0,2.85753424657534,77
2597272,Outflow Risk,0.0,0.9839,0.0161,0.9839,0.0,0.0,1897796.93,1,0,0,12.24931507,79
15691,Outflow Risk,0.0,0.9839,0.0161,0.9839,0.0,0.0,1113558.25,1,0,0,30.99452055,82
27134869,Outflow Risk,0.0,0.9838,0.0162,0.9838,0.0,0.0,372795.92,1,0,0,2.16164383561643,80
25283254,Outflow Risk,0.0,0.9837,0.0163,0.9837,0.0,0.0,1914666.0,1,0,0,2.56986301369863,81
1683275,Outflow Risk,0.0,0.9837,0.0163,0.9837,0.0,0.0,135637.5,1,0,0,22.95068493,69
5700693,Outflow Risk,0.0,0.9834,0.0166,0.9834,0.0,0.0,1090875.0,1,0,0,7.24383561643835,85
2484535,Outflow Risk,0.0,0.9829,0.0171,0.9829,0.0,0.0,383222.99,1,0,0,12.48767123,78
2406055,Outflow Risk,0.0,0.9827,0.0173,0.9827,0.0,0.0,3628580.42,1,0,0,12.85205479,70
25349922,Outflow Risk,0.0,0.9825,0.0175,0.9825,0.0,0.0,1980766.7,1,0,0,2.56986301369863,74
18312527,Outflow Risk,0.0,0.9823,0.0177,0.9823,0.0,0.0,789749.56,1,0,0,4.31506849315068,57
242432,Outflow Risk,0.0,0.9823,0.0177,0.9823,0.0,0.0,2987564.27,1,0,0,43.75890411,94
722023,Outflow Risk,0.0,0.9823,0.0177,0.9823,0.0,0.0,2722260.0,1,0,0,17.81643836,68
27861677,Outflow Risk,0.0,0.9823,0.0177,0.9823,0.0,0.0,2405558.79,1,0,0,1.78082191780821,57
5658339,Outflow Risk,0.0,0.9822,0.0178,0.9822,0.0,0.0,230230.2,1,0,0,7.32328767123287,73
3674001,Outflow Risk,0.0,0.9821,0.0179,0.9821,0.0,0.0,194500.01,1,0,0,8.95890410958904,65
325693,Outflow Risk,0.0,0.9817,0.0183,0.9817,0.0,0.0,1212500.0,1,0,0,25.07123288,72
2813035,Outflow Risk,0.0,0.9815,0.0185,0.9815,0.0,0.0,415368.83,1,0,0,33.71780822,89
3750371,Outflow Risk,0.0,0.9813,0.0187,0.9813,0.0,0.0,202702.71,1,0,0,8.51506849315068,67
5648660,Outflow Risk,0.0,0.9812,0.0188,0.9812,0.0,0.0,400703.43,1,0,0,7.34246575342465,74
4471372,Outflow Risk,0.0009,0.9803,0.0188,0.981,0.0,0.0,160687.98,1,0,0,7.51232876712328,63
871135,Outflow Risk,0.0,0.9809,0.0191,0.9809,0.0,0.0,573307.67,1,0,0,17.18082192,54
19019402,Outflow Risk,0.0,0.9807,0.0193,0.9807,0.0,0.0,265388.0,1,0,0,2.68219178082191,38
267497,Outflow Risk,0.0,0.9806,0.0194,0.9806,0.0,0.0,150000.0,1,0,0,32.73972603,70
3731222,Outflow Risk,0.0,0.9806,0.0194,0.9806,0.0,0.0,361689.76,1,0,0,8.76712328767123,74
232032,Outflow Risk,0.0,0.9805,0.0195,0.9805,0.0,0.0,105971.24,1,0,0,32.60273973,72
1200198,Outflow Risk,0.0,0.9801,0.0199,0.9801,0.0,0.0,828218.23,1,0,0,16.85479452,78
6017686,Outflow Risk,0.0,0.9798,0.0202,0.9798,0.0,0.0,971056.71,1,0,0,41.0,74
2691436,Outflow Risk,0.0,0.9796,0.0204,0.9796,0.0,0.0,220911.54,1,0,0,20.69315068,70
5154745,Outflow Risk,0.0,0.9793,0.0207,0.9793,0.0,0.0,657172.24,1,0,0,45.1835616438356,91
25285923,Outflow Risk,0.0,0.9792,0.0208,0.9792,0.0,0.0,268656.72,1,0,0,2.55616438356164,60
34021602,Outflow Risk,0.0,0.9791,0.0209,0.9791,0.0,0.0,381740.06,1,0,0,0.635616438356164,71
6232010,Outflow Risk,0.0,0.9789,0.0211,0.9789,0.0,0.0,134259.05,1,0,0,18.6958904109589,37
5670825,Outflow Risk,0.0,0.9787,0.0213,0.9787,0.0,0.0,155946.9,1,0,0,7.30958904109589,73
3480913,Outflow Risk,0.0028,0.9764,0.0208,0.9786,1283604.96,0.0,7595500.0,1,0,1,9.42191780821917,79
6091412,Outflow Risk,0.0,0.9784,0.0216,0.9784,0.0,0.0,261102.06,1,0,0,25.5780821917808,74
35157114,Outflow Risk,0.0,0.9781,0.0219,0.9781,0.0,0.0,180466.73,1,0,0,0.408219178082191,57
5665948,Outflow Risk,0.0,0.9779,0.0221,0.9779,0.0,0.0,1030920.61,1,0,0,7.30958904109589,81
1798410,Outflow Risk,0.0,0.9778,0.0222,0.9778,0.0,0.0,870000.0,1,0,0,14.37808219,83
3650516,Outflow Risk,0.0,0.9773,0.0227,0.9773,0.0,0.0,367006.75,1,0,0,5.2958904109589,67
22092641,Outflow Risk,0.0,0.9772,0.0228,0.9772,0.0,0.0,365839.91,1,0,0,3.41369863013698,51
3498566,Outflow Risk,0.0,0.977,0.023,0.977,0.0,0.0,694265.56,1,0,0,16.7945205479452,81
14222126,Outflow Risk,0.0,0.9764,0.0236,0.9764,0.0,0.0,158983.59,1,0,0,5.48219178082191,79
3182040,Outflow Risk,0.0,0.9762,0.0238,0.9762,0.0,0.0,125000.0,1,0,0,2.038356164,48
6358313,Outflow Risk,0.0,0.9758,0.0242,0.9758,0.0,0.0,1487307.9,1,0,0,19.772602739726,91
5006042,Outflow Risk,0.0,0.9757,0.0243,0.9757,0.0,0.0,4722689.51,1,0,0,22.9917808219178,69
6123366,Outflow Risk,0.0,0.9754,0.0246,0.9754,0.0,0.0,376666.67,1,0,0,41.0794520547945,83
33620556,Outflow Risk,0.0,0.9754,0.0246,0.9754,0.0,0.0,500000.0,1,0,0,0.687671232876712,57
22214414,Outflow Risk,0.0,0.9748,0.0252,0.9748,0.0,0.0,331983.339999999,1,0,0,3.3945205479452,36
890458,Outflow Risk,0.0,0.9745,0.0255,0.9745,0.0,0.0,235000.0,1,0,0,10.89589041,73
1898051,Outflow Risk,0.0,0.9744,0.0256,0.9744,0.0,0.0,590000.0,1,0,0,14.14794521,70
3343267,Outflow Risk,0.0,0.9744,0.0256,0.9744,0.0,0.0,250000.0,1,0,0,9.95068493150685,60
31014787,Outflow Risk,0.0,0.9743,0.0257,0.9743,0.0,0.0,366666.68,1,0,0,1.01369863013698,40
22933014,Outflow Risk,0.0,0.9742,0.0258,0.9742,0.0,0.0,4472057.93,1,0,0,3.06849315068493,57
29000280,Outflow Risk,0.0,0.9741,0.0259,0.9741,0.0,0.0,560597.72,1,0,0,1.46301369863013,71
3857747,Outflow Risk,0.0,0.9737,0.0263,0.9737,0.0,0.0,110883.05,1,0,0,8.47123287671232,73
325766,Outflow Risk,0.0,0.9729,0.0271,0.9729,0.0,0.0,3028067.5,1,0,0,10.58082192,60
24734869,Outflow Risk,0.0,0.972,0.028,0.972,0.0,0.0,1251944.78,1,0,0,2.66575342465753,75
35203844,Outflow Risk,0.0,0.9716,0.0284,0.9716,0.0,0.0,124648.72,1,0,0,0.441095890410958,52
5662178,Outflow Risk,0.0,0.9715,0.0285,0.9715,0.0,0.0,1328400.0,1,0,0,7.32876712328767,74
5555060,Outflow Risk,0.0,0.9715,0.0285,0.9715,0.0,0.0,310666.68,1,0,0,7.4,66
18156621,Outflow Risk,0.0,0.9709,0.0291,0.9709,0.0,0.0,3180795.0,1,0,0,7.42739726027397,85
3182024,Outflow Risk,0.0,0.9707,0.0293,0.9707,0.0,0.0,210313.74,1,0,0,10.47671233,51
1569182,Outflow Risk,0.0,0.9706,0.0294,0.9706,0.0,0.0,852006.25,1,0,0,15.54794521,67
4013013,Outflow Risk,0.0,0.9705,0.0295,0.9705,0.0,0.0,351487.13,1,0,0,36.6082191780821,83
28020885,Outflow Risk,0.0,0.9705,0.0295,0.9705,0.0,0.0,122455.92,1,0,0,1.77808219178082,57
23128457,Outflow Risk,0.0,0.9699,0.0301,0.9699,0.0,0.0,150000.01,1,0,0,0.926027397260273,67
6000147,Outflow Risk,0.0,0.9696,0.0304,0.9696,0.0,0.0,3390463.18,1,0,0,26.4301369863013,58
23258271,Outflow Risk,0.0,0.9693,0.0307,0.9693,0.0,0.0,1240625.0,1,0,0,2.95068493150684,76
2587846,Outflow Risk,0.0,0.9693,0.0307,0.9693,0.0,0.0,102001.25,1,0,0,12.10136986,45
1513823,Outflow Risk,0.0,0.9682,0.0318,0.9682,0.0,0.0,1538636.62,1,0,0,40.35342466,72
23338921,Outflow Risk,0.0,0.9681,0.0319,0.9681,0.0,0.0,110000.0,1,0,0,2.92602739726027,64
5743427,Outflow Risk,0.0,0.968,0.032,0.968,0.0,0.0,322388.07,1,0,0,7.13150684931506,55
2225935,Outflow Risk,0.009,0.9606,0.0304,0.9678,876342.29,0.0,2435390.69,1,0,1,13.28767123,83
1765889,Outflow Risk,0.0113,0.9588,0.0299,0.9678,211570.0,0.0,2883781.38,1,0,1,10.64657534,72
3305261,Outflow Risk,0.0,0.9674,0.0326,0.9674,0.0,0.0,125000.0,1,0,0,10.0520547945205,79
672915,Outflow Risk,0.0,0.9666,0.0334,0.9666,0.0,0.0,540344.81,1,0,0,17.95342466,68
20067135,Outflow Risk,0.0,0.9657,0.0343,0.9657,0.0,0.0,450000.0,1,0,0,3.7972602739726,57
6270065,Outflow Risk,0.0003,0.9655,0.0342,0.9657,0.0,0.0,261491.34,1,0,0,22.0219178082191,46
25286955,Outflow Risk,0.0,0.9647,0.0353,0.9647,0.0,0.0,1350411.65,1,0,0,2.54520547945205,73
286725,Outflow Risk,0.0,0.9636,0.0364,0.9636,0.0,0.0,413006.01,1,0,0,18.53972603,90
1720587,Outflow Risk,0.0,0.9636,0.0364,0.9636,0.0,0.0,615256.38,1,0,0,14.91506849,79
6231247,Outflow Risk,0.0,0.9628,0.0372,0.9628,0.0,0.0,867668.39,1,0,0,27.5945205479452,83
15733071,Outflow Risk,0.0,0.9615,0.0385,0.9615,0.0,0.0,511854.42,1,0,0,5.08767123287671,92
1529582,Outflow Risk,0.0,0.9614,0.0386,0.9614,0.0,0.0,202125.85,1,0,0,15.64931507,79
3910504,Outflow Risk,0.0,0.961,0.039,0.961,0.0,0.0,1286616.54,1,0,0,24.8356164383561,82
14095866,Outflow Risk,0.0,0.9597,0.0403,0.9597,0.0,0.0,1301573.5,1,0,0,17.2246575342465,84
6190039,Outflow Risk,0.0,0.9569,0.0431,0.9569,0.0,0.0,1843267.57,1,0,0,23.4876712328767,75
26201866,Outflow Risk,0.0,0.9562,0.0438,0.9562,0.0,0.0,418913.01,1,0,0,2.30684931506849,28
2265429,Outflow Risk,0.0095,0.9473,0.0432,0.9549,100000.0,0.0,810000.0,1,0,1,11.24383562,82
1068046,Outflow Risk,0.0,0.9548,0.0452,0.9548,0.0,0.0,120000.0,1,0,0,17.00547945,72
5953908,Outflow Risk,0.0,0.9544,0.0456,0.9544,0.0,0.0,1466705.17,1,0,0,31.9561643835616,77
6120069,Outflow Risk,0.0,0.9543,0.0457,0.9543,0.0,0.0,2253890.31,1,0,0,34.5643835616438,96
5964813,Outflow Risk,0.0,0.9542,0.0458,0.9542,0.0,0.0,2314000.0,1,0,0,41.0191780821917,75
6107668,Outflow Risk,0.0,0.9541,0.0459,0.9541,0.0,0.0,244319.96,1,0,0,39.3123287671232,81
2867193,Outflow Risk,0.0,0.9538,0.0462,0.9538,0.0,0.0,782103.92,1,0,0,11.37534247,91
31570802,Outflow Risk,0.0,0.9534,0.0466,0.9534,0.0,0.0,257815.96,1,0,0,0.934246575342465,57
3840156,Outflow Risk,0.0,0.9531,0.0469,0.9531,0.0,0.0,750000.0,1,0,0,8.53424657534246,56
5841480,Outflow Risk,0.0,0.9525,0.0475,0.9525,0.0,0.0,2396055.05,1,0,0,6.97534246575342,57
189906,Outflow Risk,0.0,0.9487,0.0513,0.9487,0.0,0.0,778464.76,1,0,0,19.04931507,84
4635307,Outflow Risk,0.0,0.9467,0.0533,0.9467,0.0,0.0,987964.34,1,0,0,7.54246575342465,89
12007060,Outflow Risk,0.0,0.9464,0.0536,0.9464,0.0,0.0,151066.82,1,0,0,6.1972602739726,63
23024304,Outflow Risk,0.0,0.9459,0.0541,0.9459,0.0,0.0,355314.79,1,0,0,2.9917808219178,71
22451560,Outflow Risk,0.0098,0.9375,0.0527,0.9453,447251.37,0.0,2142000.0,1,0,1,3.37260273972602,71
15733174,Outflow Risk,0.0,0.9449,0.0551,0.9449,0.0,0.0,356212.86,1,0,0,1.61095890410958,89
27179190,Outflow Risk,0.0,0.9438,0.0562,0.9438,0.0,0.0,171753.3,1,0,0,2.14246575342465,57
89575,Outflow Risk,0.0101,0.9349,0.055,0.943,2279000.0,0.0,2985673.48,1,0,1,34.96164384,79
1542173,Outflow Risk,0.0001,0.9417,0.0583,0.9418,0.0,0.0,1170051.28,1,0,0,15.80821918,74
139840,Outflow Risk,0.0,0.9392,0.0607,0.9392,0.0,0.0,96875.0,0,0,0,26.27945205,61
350717,Outflow Risk,0.0,0.9391,0.0609,0.9391,0.0,0.0,1538065.09,1,0,0,18.50684932,75
26142593,Outflow Risk,0.0,0.9368,0.0632,0.9368,0.0,0.0,728844.11,1,0,0,2.32328767123287,36
3062637,Outflow Risk,0.0,0.9367,0.0633,0.9367,0.0,0.0,756782.4,1,0,0,10.76164384,60
17800336,Outflow Risk,0.0,0.9352,0.0648,0.9352,0.0,0.0,1252625.6,1,0,0,4.44931506849315,76
21922686,Outflow Risk,0.0079,0.9262,0.0659,0.9325,34860.64,0.0,2368034.67,1,0,1,3.43561643835616,71
12240443,Outflow Risk,0.0,0.9297,0.0703,0.9297,0.0,0.0,1594241.8,1,0,0,6.13424657534246,66
5796271,Outflow Risk,0.0,0.9288,0.0712,0.9288,0.0,0.0,375076.94,1,0,0,31.0657534246575,82
6174604,Outflow Risk,0.0,0.9266,0.0734,0.9266,0.0,0.0,1654930.47,1,0,0,17.6,66
33740607,Outflow Risk,0.0,0.926,0.074,0.926,0.0,0.0,105131.5,1,0,0,0.671232876712328,62
356031,Outflow Risk,0.0,0.9237,0.0763,0.9237,0.0,0.0,1073250.0,1,0,0,18.40821918,71
184478,Outflow Risk,0.005,0.9186,0.0764,0.9226,31048.33,0.0,5810376.08,1,0,1,38.89041096,87
245587,Outflow Risk,0.0,0.9219,0.0781,0.9219,0.0,0.0,131500.0,1,0,0,30.9890411,89
22084605,Outflow Risk,0.0004,0.9215,0.0781,0.9218,0.0,0.0,267612.83,1,0,0,3.41917808219178,68
5854181,Outflow Risk,0.0,0.9203,0.0797,0.9203,0.0,0.0,245000.0,1,0,0,32.9287671232876,69
576071,Outflow Risk,0.0,0.9181,0.0819,0.9181,0.0,0.0,2212427.92,1,0,0,17.52328767,71
110449,Outflow Risk,0.0239,0.8981,0.078,0.9172,162357.0,0.0,2302192.0,1,0,1,41.12054795,77
305922,Outflow Risk,0.0,0.9131,0.0869,0.9131,0.0,0.0,500000.0,1,0,0,24.88767123,81
3371803,Outflow Risk,0.0,0.912,0.088,0.912,0.0,0.0,1285200.0,1,0,0,30.7369863013698,89
4345964,Outflow Risk,0.0563,0.8663,0.0774,0.9113,790813.63,0.0,4032040.0,1,0,1,44.9479452054794,72
375262,Outflow Risk,0.0,0.9107,0.0893,0.9107,0.0,0.0,3614285.62,1,0,0,14.62739726,63
14869639,Outflow Risk,0.0,0.9089,0.0911,0.9089,0.0,0.0,116330.05,1,0,0,5.23287671232876,57
24488271,Outflow Risk,0.0,0.9066,0.0934,0.9066,0.0,0.0,198000.0,1,0,0,2.72328767123287,67
353867,Outflow Risk,0.0,0.8975,0.1025,0.8975,0.0,0.0,2772750.42,1,0,0,18.4739726,62
6110670,Outflow Risk,0.0,0.8974,0.1026,0.8974,0.0,0.0,110000.0,1,0,0,29.4958904109589,61
143877,Outflow Risk,0.0,0.8969,0.1031,0.8969,0.0,0.0,1273428.51,1,0,0,33.06849315,90
1440510,Outflow Risk,0.0,0.8965,0.1035,0.8965,0.0,0.0,259558.96,1,0,0,8.169863014,66
28530211,Outflow Risk,0.0,0.8947,0.1053,0.8947,0.0,0.0,107142.86,1,0,0,1.60821917808219,69
22122603,Outflow Risk,0.0395,0.8603,0.1002,0.8919,1335755.10999999,0.0,2164076.38,1,0,1,3.41369863013698,61
1441899,Outflow Risk,0.0,0.8857,0.1143,0.8857,0.0,0.0,267618.09,1,0,0,8.169863014,67
347395,Outflow Risk,0.0,0.8816,0.1184,0.8816,0.0,0.0,170588.24,1,0,0,18.35068493,89
1349843,Outflow Risk,0.0,0.8805,0.1195,0.8805,0.0,0.0,14508.0,0,0,0,16.45753425,80
6124208,Outflow Risk,0.3063,0.6301,0.0637,0.8751,67497.12,0.0,761985.1,1,0,1,37.5561643835616,63
22088493,Outflow Risk,0.0296,0.8343,0.1361,0.858,185514.89,0.0,794000.0,1,0,1,3.41643835616438,72
24619034,Outflow Risk,0.0,0.8514,0.1486,0.8514,0.0,0.0,1678691.73,1,0,0,2.64383561643835,69
1159995,Outflow Risk,0.0,0.8492,0.1508,0.8492,0.0,0.0,23368.0,0,0,0,16.89589041,80
2282173,Outflow Risk,0.0,0.8468,0.1532,0.8468,0.0,0.0,84562.38,0,0,0,11.88767123,83
1329152,Outflow Risk,0.0,0.8428,0.1572,0.8428,0.0,0.0,109646.1,1,0,0,19.23287671,76
4298629,Outflow Risk,0.0,0.8322,0.1678,0.8322,0.0,0.0,89999.19,0,0,0,7.97808219178082,69
2040132,Outflow Risk,0.0571,0.7863,0.1567,0.832,22705.43,0.0,1268396.22,1,0,1,7.668493151,59
825363,Outflow Risk,0.0,0.8013,0.1987,0.8013,0.0,0.0,13159.2,0,0,0,17.29589041,78
14796005,Outflow Risk,0.0,0.7985,0.2015,0.7985,0.0,0.0,100656.7,1,0,0,7.20821917808219,73
31413029,Outflow Risk,0.1305,0.6814,0.1881,0.7858,2171.86,0.0,268250.0,1,0,1,0.961643835616438,60
24508372,Outflow Risk,0.0698,0.7275,0.2027,0.7833,871833.89,0.0,435888.35,1,0,1,2.76164383561643,69
5795069,Outflow Risk,0.0,0.7656,0.2343,0.7656,0.0,0.0,125661.5,0,0,0,36.3041095890411,76
5668160,Outflow Risk,0.0706,0.6869,0.2424,0.7434,1073.35,0.0,994394.78,1,0,1,7.2931506849315,65
6270928,Outflow Risk,0.0,0.7315,0.2685,0.7315,0.0,0.0,53486.13,0,0,0,30.0958904109589,84
5997564,Outflow Risk,0.0,0.7216,0.2784,0.7216,0.0,0.0,15943.57,0,0,0,25.717808219178,82
255536,Outflow Risk,0.0,0.6697,0.3303,0.6697,0.0,0.0,375099.34,0,0,0,41.99452055,84
6062295,Outflow Risk,0.0,0.6287,0.3713,0.6287,0.0,0.0,40989.19,0,0,0,20.3150684931506,77
21969761,Outflow Risk,0.1249,0.5151,0.3601,0.615,140045.74,1.68,2985560.29,1,0,1,3.44383561643835,63
